중요도,CIS담당,구매담당,중분류명,고객약호,자재,내역,생성일,원납기일,변경납기일,총오더수량,환산수량,미납잔량,생산완료요청일,부자재,제조요청여부,현재제조,관리구분,비고,단가,매출
상,전재준,사급,파우더,ABC,9ABC1288210,어퓨과즙팡파스텔블러셔#쿨트럴더블기획(로지/피그코튼OY),2026-03-17,2026-04-27,2026-04-27,1500,3000,1500,~4/24,2026-04-10,O,,중점관리품목,,2145,3217500
상,안세연,홍한슬,겔마스크,FCM,9FCM0037511,포컴퍼니아비브콜라겐겔마스크#수분초젤리(10매)(군납),2026-03-10,2026-05-08,2026-04-30,46900,469000,46900,2026-04-29,,o,비티아이,중점관리품목,막주 출고 몰리지 않도록 전반적으로 당겨 요청,7141,334912900
중,안세연,홍한슬,파우더성형_일반,FCM,9FCM0009611,포컴퍼니네이밍플러피파우더블러쉬#토스트(24),2026-03-11,2026-04-29,2026-04-30,3500,3500,3500,2026-04-29,,x,,중점관리품목,,1923,6730500
중,안세연,홍한슬,파우더,FCM,9FCM0073810,포컴퍼니네이밍플러피파우더블러쉬#카야,2026-03-11,2026-04-29,2026-04-29,3000,3000,3000,2026-04-28,,x,,중점관리품목,,1990,5970000
중,안세연,홍한슬,파우더성형_일반,FCM,9FCM0014210,포컴퍼니네이밍플러피파우더블러쉬#베이글,2026-03-11,2026-04-29,2026-04-22,31000,31000,31000,2026-04-20,,x,,중점관리품목,,1953,60543000
중,안세연,홍한슬,파우더성형_일반,FCM,9FCM0009310,포컴퍼니네이밍플러피파우더블러쉬#헤일로,2026-03-11,2026-04-29,2026-04-22,6000,6000,6000,2026-04-20,,x,,중점관리품목,,1926,11556000
상,안세연,홍한슬,에어쿠션,FCM,9FCM0038810,포컴퍼니네이밍레이어드핏쿠션#17Y(리필),2026-03-05,2026-03-31,2026-04-30,500,500,500,2026-04-03,,o,3/23~24,중점관리품목,자재 캐파 확보 요청,2636,1318000
상,안세연,홍한슬,에어쿠션,FCM,9FCM0045010,포컴퍼니네이밍레이어드핏쿠션#19N(리필)[UW],2026-03-05,2026-03-31,2026-04-30,1000,1000,1000,2026-04-03,,o,3/23~24,중점관리품목,자재 캐파 확보 요청,2636,2636000
상,안세연,홍한슬,에어쿠션,FCM,9FCM0038911,포컴퍼니네이밍레이어드핏쿠션#21P(리필)[UW],2026-03-05,2026-03-27,2026-04-30,800,800,800,2026-04-29,,o,2026-03-31,중점관리품목,자재 캐파 확보 요청,2636,2108800
상,안세연,홍한슬,에어쿠션,FCM,9FCM0038910,포컴퍼니네이밍레이어드핏쿠션#21Y(리필)[UW],2026-03-05,2026-03-27,2026-04-30,1000,1000,1000,2026-04-29,,o,2026-03-31,중점관리품목,자재 캐파 확보 요청,2636,2636000
중,안세연,홍한슬,파우더성형_일반,FCM,9FCM0032110,포컴퍼니네이밍플러피파우더블러쉬#05니제(일본),2026-03-09,2026-04-29,2026-04-29,3000,3000,3000,2026-04-27,,o,2026-04-07,중점관리품목,수출용 일정 준수 필,1990,5970000
중,안세연,홍한슬,파우더성형_일반,FCM,9FCM0032311,포컴퍼니네이밍플러피파우더블러쉬#04페이지(일본),2026-03-09,2026-04-29,2026-04-29,3000,3000,3000,2026-04-27,,o,2026-04-07,중점관리품목,수출용 일정 준수 필,1990,5970000
중,안세연,홍한슬,파우더성형_일반,FCM,9FCM0028711,포컴퍼니네이밍플러피파우더블러쉬#03서먼(일본),2026-03-09,2026-04-29,2026-04-29,5040,5040,5040,2026-04-27,,o,2026-04-07,중점관리품목,수출용 일정 준수 필,1996,10059840
중,안세연,홍한슬,파우더성형_일반,FCM,9FCM0014211,포컴퍼니네이밍플러피파우더블러쉬#01베이글(일본),2026-03-09,2026-04-29,2026-04-29,3000,3000,3000,2026-04-27,,o,2026-04-07,중점관리품목,수출용 일정 준수 필,2186,6558000
상,안세연,홍한슬,에어쿠션,FCM,9FCM0015410,포컴퍼니네이밍레이어드핏쿠션#21[UW]@,2026-02-09,2026-04-16,2026-04-16,2500,2500,2500,2026-04-15,,o,2026-03-31,중점관리품목,자재 캐파 확보 요청,4145,10362500
상,안세연,홍한슬,에어쿠션,FCM,9FCM0044910,포컴퍼니네이밍레이어드핏쿠션#21P(본품)[UW],2026-02-09,2026-04-16,2026-04-16,2000,2000,2000,2026-04-15,,o,2026-03-31,중점관리품목,자재 캐파 확보 요청,4145,8290000
상,안세연,홍한슬,에어쿠션,FCM,9FCM0020510,포컴퍼니네이밍레이어드핏쿠션#19N[UW],2026-02-09,2026-03-31,2026-04-01,2500,2500,2500,2026-04-06,,o,2026-03-31,중점관리품목,자재 캐파 확보 요청,4145,10362500
상,안세연,홍한슬,에어쿠션,FCM,9FCM0064510,포컴퍼니제로그래비티커버UP쿠션#22N((리필)(UW)),2026-03-13,2026-04-24,2026-04-24,1000,1000,1000,2026-04-23,,x,,중점관리품목,자재 캐파 확보 요청,2824,2824000
상,안세연,홍한슬,에어쿠션,FCM,9FCM0065010,포컴퍼니네이밍제로그래비티커버UP쿠션기획#21P(본품+리필)(UW),2026-03-13,2026-04-24,2026-04-24,1500,3000,1500,2026-04-23,,x,,중점관리품목,자재 캐파 확보 요청,6881,10321500
상,안세연,홍한슬,에어쿠션,FCM,9FCM0064710,포컴퍼니네이밍제로그래비티커버UP쿠션기획#21N(본품+리필)(UW),2026-03-13,2026-04-24,2026-04-24,1500,3000,1500,2026-04-23,,x,,중점관리품목,자재 캐파 확보 요청,6881,10321500
상,안세연,홍한슬,에어쿠션,FCM,9FCM0065110,포컴퍼니네이밍제로그래비티커버UP쿠션기획#19N(본품+리필)(UW),2026-03-13,2026-04-24,2026-04-24,2000,4000,2000,2026-04-23,,x,,중점관리품목,자재 캐파 확보 요청,6881,13762000
상,안세연,홍한슬,에어쿠션,FCM,9FCM0026810,포컴퍼니네이밍레이어드핏쿠션#23Y기획세트[UW],2026-03-13,2026-04-28,2026-04-28,500,1000,500,2026-04-27,,x,,중점관리품목,자재 캐파 확보 요청,6548,3274000
상,안세연,홍한슬,에어쿠션,FCM,9FCM0045110,포컴퍼니네이밍레이어드핏쿠션#23Y(리필)[UW],2026-03-13,2026-04-28,2026-04-28,2000,2000,2000,2026-04-27,,x,,중점관리품목,자재 캐파 확보 요청,2636,5272000
상,안세연,홍한슬,에어쿠션,FCM,9FCM0038911,포컴퍼니네이밍레이어드핏쿠션#21P(리필)[UW],2026-03-13,2026-04-28,2026-04-28,3000,3000,3000,2026-04-27,,x,,중점관리품목,자재 캐파 확보 요청,2636,7908000
상,안세연,홍한슬,에어쿠션,FCM,9FCM0038910,포컴퍼니네이밍레이어드핏쿠션#21Y(리필)[UW],2026-03-13,2026-04-27,2026-04-27,3500,3500,3500,2026-04-26,,x,,중점관리품목,자재 캐파 확보 요청,2636,9226000
상,안세연,홍한슬,에어쿠션,FCM,9FCM0015410,포컴퍼니네이밍레이어드핏쿠션#21[UW]@,2026-03-13,2026-04-27,2026-04-27,500,500,500,2026-04-26,,x,,중점관리품목,자재 캐파 확보 요청,4145,2072500
상,안세연,홍한슬,에어쿠션,FCM,9FCM0045010,포컴퍼니네이밍레이어드핏쿠션#19N(리필)[UW],2026-03-13,2026-04-23,2026-04-23,4000,4000,4000,2026-04-22,,x,,중점관리품목,자재 캐파 확보 요청,2636,10544000
상,안세연,홍한슬,에어쿠션,FCM,9FCM0020510,포컴퍼니네이밍레이어드핏쿠션#19N[UW],2026-03-13,2026-04-23,2026-04-23,2500,2500,2500,2026-04-22,,x,,중점관리품목,자재 캐파 확보 요청,4145,10362500
상,안세연,홍한슬,에어쿠션,FCM,9FCM0038810,포컴퍼니네이밍레이어드핏쿠션#17Y(리필),2026-03-13,2026-04-28,2026-04-28,3000,3000,3000,2026-04-27,,x,,중점관리품목,자재 캐파 확보 요청,2636,7908000
중,안세연,사급,튜브,SLC,9SLC0017111,서린컴퍼니라운드랩독도클렌저150ML(중국수출용),2026-03-17,2026-04-22,2026-04-22,5010,5010,5010,2026-04-21,2026-03-27,o,,중점관리품목,,1130,5661300
중,안세연,사급,기초,SLC,9SLC0012010,서린컴퍼니라운드랩독도토너500ML(중국수출용),2026-03-17,2026-04-16,2026-04-16,10020,10020,10020,2026-04-15,2026-04-03,o,,중점관리품목,,2450,24549000
중,안세연,사급,기초,SLC,9SLC0012126,서린컴퍼니라운드랩독도로션200ML(중국수출용),2026-03-17,2026-04-16,2026-04-16,5010,5010,5010,2026-04-15,2026-04-03,o,,중점관리품목,,1590,7965900
중,안세연,사급,기초,SLC,9SLC0016517,서린컴퍼니라운드랩1025독도클렌징오일200ML(중국수출용/사용기한36),2026-03-17,2026-04-17,2026-04-17,3000,3000,3000,2026-04-16,2026-04-03,o,,중점관리품목,,2400,7200000
중,안세연,사급,기초,SLC,9SLC0037110,서린컴퍼니라운드랩자작나무수분토너300ML(중국수출용),2026-03-17,2026-04-17,2026-04-17,3000,3000,3000,2026-04-16,2026-04-03,o,,중점관리품목,,1440,4320000
중,안세연,사급,기초,SLC,9SLC0011847,서린컴퍼니라운드랩자작나무수분크림80ML(중국수출용)(RE),2026-03-17,2026-04-17,2026-04-17,3000,3000,3000,2026-04-16,2026-04-03,o,,중점관리품목,,1590,4770000
중,안세연,이진희,마스크시트,SLC,9SLC0064210,서린컴퍼니라운드랩자작수분마스크25ML(1매)(중국수출),2026-03-17,2026-04-17,2026-04-17,54900,10980,54900,2026-04-16,2026-04-03,o,,중점관리품목,,200,10980000
중,안세연,사급,튜브,SLC,9SLC0018411,서린컴퍼니라운드랩독도클렌저240ML(중국수출용),2026-03-17,2026-04-17,2026-04-17,5010,5010,5010,2026-04-16,2026-03-27,o,,중점관리품목,,1660,8316600
중,안세연,사급,기초,SLC,9SLC0022510,서린컴퍼니라운드랩독도해양심층수기초케어세트(중국수출/게또바시),2026-03-17,2026-04-17,2026-04-17,2000,6000,2000,2026-04-16,2026-04-03,o,,중점관리품목,,3200,6400000
중,안세연,사급,튜브,SLC,9SLC0018410,서린컴퍼니라운드랩독도클렌저240ML(중국역직구용),2026-03-17,2026-04-17,2026-04-17,5010,5010,5010,2026-04-16,2026-03-27,o,,중점관리품목,,1660,8316600
상,안세연,사급,기초,SLC,9SLC0064410,서린컴퍼니라운드랩독도토너200ML(미품)(코스트코)[스페인],2026-03-03,2026-04-07,2026-04-07,9648,9648,9648,2026-04-06,2026-03-24,o,3/26~27 30톤  4/2~3 30톤,중점관리품목,,2284,22036032
상,안세연,사급,기초,SLC,9SLC0064610,서린컴퍼니라운드랩독도토너100ML(미품)(코스트코)[스페인],2026-03-03,2026-04-07,2026-04-07,4824,4824,4824,2026-04-06,2026-03-24,o,3/26~27 30톤  4/2~3 30톤,중점관리품목,,2284,11018016
상,안세연,사급,기초,SLC,9SLC0064710,서린컴퍼니라운드랩자작수분크림80ML(미품)(코스트코)[스페인],2026-03-03,2026-04-07,2026-04-07,9648,9648,9648,2026-04-06,2026-03-24,o,3/26~27,중점관리품목,,2004,19334592
상,안세연,사급,기초,SLC,9SLC0064310,서린컴퍼니라운드랩독도토너200ML(미품)(코스트코)[영국],2026-03-03,2026-04-07,2026-04-07,38592,38592,38592,2026-04-06,2026-03-24,o,3/26~27 30톤  4/2~3 30톤,중점관리품목,,2284,88144128
상,안세연,사급,기초,SLC,9SLC0064510,서린컴퍼니라운드랩독도토너100ML(미품)(코스트코)[영국],2026-03-03,2026-04-07,2026-04-07,19296,19296,19296,2026-04-06,2026-03-24,o,3/26~27 30톤  4/2~3 30톤,중점관리품목,,2284,44072064
상,김선영,심민아,파우더성형_일반,JSM,9JSM0102610,정샘물아티스트아이팔레트코어#레드브라운,2026-02-12,2026-03-28,2026-04-01,6000,6000,6000,2026-04-07,2026-03-25,O,3/23~3/25,중점관리품목,신제품,7000,42000000
상,김선영,심민아,파우더성형_일반,JSM,9JSM0103010,정샘물아티스트아이팔레트코어#스모키누드,2026-02-12,2026-03-28,2026-04-01,5000,5000,5000,2026-04-07,2026-03-25,O,3/23~3/25,중점관리품목,신제품,7000,35000000
상,김선영,심민아,파우더성형_일반,JSM,9JSM0102810,정샘물아티스트아이팔레트코어#옐로우브라운,2026-02-12,2026-03-28,2026-04-01,5000,5000,5000,2026-04-07,2026-03-25,O,3/23~3/25,중점관리품목,신제품,7000,35000000
중,김선영,심민아,기초,JSM,9JSM0103810,정샘물뷰티스킨누더에센스블렌딩비비크림30ML#크림,2026-03-13,2026-04-30,2026-04-30,3000,3000,3000,2026-04-29,,X,,중점관리품목,신제품,4032,12096000
중,김선영,심민아,기초,JSM,9JSM0103910,정샘물뷰티스킨누더에센스블렌딩비비크림30ML#페어,2026-03-13,2026-04-30,2026-04-30,3000,3000,3000,2026-04-29,,X,,중점관리품목,신제품,4032,12096000
중,김선영,심민아,기초,JSM,9JSM0104010,정샘물뷰티스킨누더에센스블렌딩비비크림30ML#페어라이트,2026-03-13,2026-04-30,2026-04-30,3000,3000,3000,2026-04-29,,X,,중점관리품목,신제품,4032,12096000
중,김선영,심민아,기초,JSM,9JSM0104110,정샘물뷰티스킨누더에센스블렌딩비비크림30ML#라이트,2026-03-13,2026-04-30,2026-04-30,3000,3000,3000,2026-04-29,,X,,중점관리품목,신제품,4032,12096000
중,김선영,심민아,기초,JSM,9JSM0104210,정샘물뷰티스킨누더에센스블렌딩비비크림30ML#미디엄,2026-03-13,2026-04-30,2026-04-30,3000,3000,3000,2026-04-29,,X,,중점관리품목,신제품,4032,12096000
중,백승윤,지소연,파우더성형_소성,TDK,9TDK0036310,투쿨포스쿨베일드컨투어#포그애쉬(본품),2026-02-10,2026-04-03,2026-04-03,6000,6000,6000,2026-04-08,,O,2026-03-26,중점관리품목,,2640,15840000
상,김현석,심민아,기초,DKP,9DKP0040210,동국제약센텔리안24PDRN번들기획세트,2026-01-22,2026-04-02,2026-05-01,20000,20000,20000,2026-04-03,,O,,중점관리품목,,5000,100000000
중,김현석,심민아,마스크시트,DKP,9DKP0038710,동국제약센텔리안24마데카랩마스크멜라브라이트닝(1매)(용매분리)(V2),2026-02-26,2026-04-24,2026-05-01,60000,12000,60000,2026-04-23,,O,,중점관리품목,,1312,78720000
중,김현석,심민아,기초,DKP,9DKP0039710,동국제약센텔리안24마데카아젤라익애씨드10카밍세럼30ML,2026-02-26,2026-04-24,2026-05-01,30000,30000,30000,2026-04-23,,O,,중점관리품목,,2533,75990000
중,김현석,심민아,기초,DKP,9DKP0039810,동국제약센텔리안24마데카비타민15글로잉세럼30ML,2026-02-26,2026-04-24,2026-05-01,30000,30000,30000,2026-04-23,,O,,중점관리품목,,3503,105090000
중,김현석,심민아,기초,DKP,9DKP0038310,동국제약센텔리안24마데카더마쉴드바이탈캡슐선에센스40ML(OTC),2026-02-26,2026-04-24,2026-05-01,10000,10000,10000,2026-04-23,,X,,중점관리품목,,3390,33900000
중,조경수,김현우,기초,CHA,9CHA0002011,창앤컴퍼니브리오뎀안티헤어로스&댄드러프스칼프스프레이100ML(수출),2025-09-11,2026-01-15,2026-03-01,3500,3500,3500,2026-04-24,,X,,중점관리품목,,3000,10500000
중,조경수,김현우,튜브,CHA,9CHA0001911,창앤컴퍼니브리오뎀안티헤어로스&댄드러프스칼프컨디셔너150ML(수출),2025-09-11,2026-01-15,2026-03-01,3500,3500,3500,2026-04-24,,X,,중점관리품목,,3000,10500000
중,조경수,김현우,기초,CHA,9CHA0002011,창앤컴퍼니브리오뎀안티헤어로스&댄드러프스칼프스프레이100ML(수출),2025-09-11,2026-03-01,2026-03-01,3500,3500,3500,2026-04-24,,X,,중점관리품목,,3000,10500000
중,조경수,김현우,튜브,CHA,9CHA0001811,창앤컴퍼니브리오뎀안티헤어로스&댄드러프스칼프샴푸200ML(수출),2025-09-11,2026-03-01,2026-03-01,3500,3500,3500,2026-04-24,,X,,중점관리품목,,3000,10500000
상,전재준,사급,파우더,ABC,9ABC1288310,어퓨과즙팡파스텔블러셔#웜트럴더블기획(누/멜로코튼/OY),2026-03-17,2026-04-27,2026-04-27,1500,3000,1500,~4/24,2026-04-10,O,,중점관리품목,,2104,3156000
중,이상엽,김현우,스틱밤,ENP,9ENP0079510,엔프라니홀리카홀리카멜팅블러립팟#03뮤브,2024-09-19,2024-12-01,2026-05-01,5150,5150,5150,2026-04-03,,X,,중점관리품목,,3006,15480900
중,이상엽,김현우,스틱밤,ENP,9ENP0079710,엔프라니홀리카홀리카멜팅블러립팟#05레스닝,2024-09-09,2024-11-01,2026-05-01,5150,5150,2078,2026-04-03,,O,완료,중점관리품목,,3008,6250624
중,이상엽,김현우,스틱밤,ENP,9ENP0079710,엔프라니홀리카홀리카멜팅블러립팟#05레스닝,2024-09-19,2024-11-13,2026-05-01,5150,5150,5150,2026-04-03,,O,완료,중점관리품목,,3008,15491200
중,이상엽,김현우,스틱밤,ENP,9ENP0079710,엔프라니홀리카홀리카멜팅블러립팟#05레스닝,2024-09-19,2024-12-01,2026-05-01,5150,5150,2562,2026-04-03,,O,완료,중점관리품목,,3008,7706496
중,이상엽,김현우,스틱밤,ENP,9ENP0079810,엔프라니홀리카홀리카멜팅블러립팟#06넥타,2024-09-19,2024-11-13,2026-05-01,5150,5150,2343,2026-04-03,,X,,중점관리품목,,3015,7064145
중,이상엽,김현우,스틱밤,ENP,9ENP0079910,엔프라니홀리카홀리카멜팅블러립팟#07하티,2024-09-19,2024-12-01,2026-05-01,5150,5150,2246,2026-04-03,,X,,중점관리품목,,3008,6755968
중,이상엽,김현우,스틱밤,ENP,9ENP0082010,엔프라니홀리카홀리카멜팅블러립팟#10멜티,2024-09-04,2024-10-11,2026-05-01,3090,3090,3090,2026-04-03,,X,,중점관리품목,,3002,9276180
중,이상엽,사급,스틱밤,LFC,9LFC0031610,(비건)LF아떼어센틱립글로이밤#휩체리(세터콜라보),2026-03-17,2026-04-27,2026-04-27,13000,13000,13000,2026-04-03,,X,,중점관리품목,,0,0
중,이상엽,사급,스틱밤,LFC,9LFC0031710,(비건)LF아떼어센틱립글로이밤#체리콕(세터콜라보),2026-03-17,2026-04-27,2026-04-27,13000,13000,13000,2026-04-03,,X,,중점관리품목,,0,0
중,이상엽,사급,스틱밤,LFC,9LFC0031810,LF아떼어센틱립글로이밤기획세트(세터콜라보)*개입수미정,2026-03-17,2026-04-27,2026-04-27,2000,4000,2000,2026-04-03,,X,,중점관리품목,,0,0
중,이상엽,사급,튜브,LFC,9LFC0029310,(비건)LF아떼비건릴리프무기자차선크림(50+50)(OY),2026-02-13,2026-04-02,2026-04-02,10000,20000,10000,2026-04-03,,X,,중점관리품목,,4390,43900000
중,이상엽,사급,튜브,LFC,9LFC0030810,LF아떼비건릴리프무기자차선크림35ML기획세트(1+1),2026-02-13,2026-04-02,2026-04-02,5000,10000,5000,2026-04-03,,X,,중점관리품목,,3362,16810000
하,이상엽,사급,견본_용기,LFC,9LFC0029710, (비건)LF아떼바이탈씨좀토닝컨센트레이트20ML(25) ,2026-02-20,2026-04-03,2026-04-03,2500,2500,2500,2026-04-10,,X,,중점관리품목,,2470,6175000
상,윤준서,이민성,견본_용기,TRD,9TRD0003210,토리든셀메이징저분자콜라겐모공탄력앰플10ML(국내)(네오지퍼백사용),2026-01-16,2026-04-01,2026-05-06,20000,20000,20000,2026-05-04,　,O,2026-03-06,중점관리품목,　,1105,22100000
상,윤준서,이민성,마스크시트,TRD,9TRD0004610,토리든셀메이징저분자콜라겐모공탄력마스크25ML,2026-03-15,2026-04-06,2026-04-06,45000,45000,45000,2026-04-03,　,O,2026-03-19,중점관리품목,　,253,11385000
상,윤준서,이민성,기초,TRD,9TRD0001011,토리든다이브인저분자히알루론산멀티패드160ML(OY)(일원화)(80+10),2026-02-10,2026-04-27,2026-04-27,32000,32000,32000,2026-04-20,　,O,2026-04-09,중점관리품목,　,4421,141472000
상,윤준서,이민성,마스크시트,TRD,9TRD0004710,토리든셀메이징저분자콜라겐모공탄력마스크25ML(10매),2026-02-19,2026-04-17,2026-04-17,20000,20000,20000,2026-04-15,　,X,　,중점관리품목,　,2997,59940000
상,윤준서,이민성,기초,TRD,9TRD0005711,토리든밸런스풀아젤라산세럼30ML(일본전용),2026-03-09,2026-04-17,2026-04-17,106000,106000,106000,2026-04-15,　,X,　,중점관리품목,　,0,0
상,윤준서,이민성,기초,TRD,9TRD0006710,토리든다이브인크림미스트120ML(위생허가),2026-03-10,2026-04-28,2026-04-28,12500,12500,12500,2026-04-27,　,X,　,중점관리품목,　,0,0
상,윤준서,이민성,기초,TRD,9TRD0006810,토리든다이브인크림미스트50ML(위생허가용),2026-03-10,2026-04-28,2026-04-28,10500,10500,10500,2026-04-27,　,X,　,중점관리품목,　,0,0
상,윤준서,이민성,견본_파우치,TRD,9TRD0006910,토리든셀메이징저분자콜라겐모공탄력앰플30ML 리필백(M1010014),2026-03-11,2026-04-20,2026-04-20,47400,47400,47400,2026-04-17,　,X,　,중점관리품목,　,0,0
상,전재준,사급,파우더성형_일반,ABC,9ABC1274110,어퓨과즙팡파스텔블러셔#BE01누드코튼,2026-03-17,2026-05-08,2026-05-08,3000,3000,3000,~4/24,2026-04-10,O,,중점관리품목,,856,2568000
상,전재준,사급,파우더성형_일반,ABC,9ABC1274410,어퓨과즙팡파스텔블러셔PK11리본코튼,2026-03-17,2026-05-08,2026-05-08,3000,3000,3000,~4/24,2026-04-10,O,,중점관리품목,,848,2544000
상,전재준,사급,파우더성형_일반,ABC,9ABC1274510,어퓨과즙팡파스텔블러셔RD02시나몬코튼,2026-03-17,2026-05-08,2026-05-08,3000,3000,3000,~4/24,2026-04-10,O,,중점관리품목,,860,2580000
상,전재준,사급,파우더성형_일반,ABC,9ABC1274610,어퓨과즙팡파스텔블러셔#VL04미스트코튼,2026-03-17,2026-05-08,2026-05-08,3000,3000,3000,~4/24,2026-04-10,O,,중점관리품목,,851,2553000
상,전재준,사급,파우더성형_일반,ABC,9ABC1275710,어퓨과즙팡파스텔블러셔PK07핑크코튼,2026-03-17,2026-05-08,2026-05-08,3000,3000,3000,~4/24,2026-04-10,O,,중점관리품목,,881,2643000
중,백승윤,임민수,캔,SNT,9SNT0015110,쏘내추럴파우더포룸올데이타이트메이크업세팅픽서75ML(중국),2026-02-05,2026-03-31,2026-05-01,400000,400000,400000,2026-04-30,,O,매주 20T,중점관리품목,,2159,863600000
중,백승윤,임민수,캔,SNT,9SNT0012710,쏘내추럴파우더포룸올데이타이트메이크업세팅픽서75ML(국내),2026-02-05,2026-04-03,2026-05-01,600000,600000,600000,2026-04-30,,O,매주 20T,중점관리품목,,2159,1295400000
상,박진형,베승원,마스크시트,DPD,9DPD0016310,아누아복숭아70나이아신세럼마스크25ML(OY/1매/AA001046),2026-03-17,2026-04-24,2026-04-24,314000,62800,314000,2026-04-17,,O,,중점관리품목,,357,112098000
상,박진형,베승원,마스크시트,DPD,9DPD0020410,아누아아마이드트라넥사믹다크스팟세럼마스크28ML(10매)AA001239,2026-03-17,2026-04-24,2026-04-24,24000,48000,24000,2026-04-17,,O,,중점관리품목,,3779,90696000
상,박진형,베승원,견본_용기,DPD,9DPD0014011,아누아아젤라익애씨드10히알루론레드네스수딩세럼10MLGLB/AA000744,2026-02-12,2026-03-24,2026-04-01,4000,,4000,2026-03-25,,O,,중점관리품목,,1437,5748000
상,박진형,베승원,견본_용기,DPD,9DPD0014011,아누아아젤라익애씨드10히알루론레드네스수딩세럼10MLGLB/AA000744,2026-01-20,2026-02-25,2026-04-01,20000,,20000,2026-03-25,,O,,중점관리품목,,1437,28740000
상,박진형,베승원,견본_용기,DPD,9DPD0005613,더파운더즈아누아복숭아70나이아신세럼10ML(GLB/AA000199),2026-01-20,2026-02-25,2026-04-01,5000,,5000,2026-03-25,,O,,중점관리품목,,1632,8160000
상,박진형,베승원,기초,DPD,9DPD0019210,아누아피디알엔히알루론산수분캡슐미스트30ML(AA001309),2026-01-20,2026-03-03,2026-03-30,10000,10000,10000,2026-04-01,,O,,중점관리품목,,2954,29540000
상,박진형,베승원,마스크시트,DPD,9DPD0020310,아누아나이아신트라넥사믹다크스팟세럼마스크28ML(1매)AA001238,2026-01-20,2026-03-03,2026-03-03,10000,20000,10000,2026-04-01,,O,,중점관리품목,,365,3650000
상,박진형,베승원,기초,DPD,9DPD0006710,아누아7라이스세라마이드하이드레이팅베리어세럼50ML/AA000214,2026-01-20,2026-03-03,2026-03-03,5000,5000,5000,2026-04-01,,O,,중점관리품목,,3021,15105000
상,박진형,베승원,견본_용기,DPD,9DPD0014012,아누아아젤라익10히알루론레드네스수딩세럼10MLGLB/EU/AA001231,2026-02-20,2026-03-26,2026-04-01,20000,,20000,2026-03-25,,O,,중점관리품목,,1349,26980000
상,박진형,베승원,기초,DPD,9DPD0019213,아누아피디알엔히알루론산수분캡슐미스트30ML(GLBEU/AA001320),2026-02-20,2026-03-26,2026-04-01,55000,55000,55000,2026-03-25,,O,,중점관리품목,,2955,162525000
상,박진형,베승원,기초,DPD,9DPD0019211,아누아피디알엔히알루론산수분캡슐미스트30ML(GLB/AA001319/,2026-02-20,2026-03-26,2026-04-01,50000,50000,50000,2026-03-25,,O,,중점관리품목,,2954,147700000
상,박진형,베승원,기초,DPD,9DPD0010313,아누아아젤라익10히알루론레드니스세럼30ML(GLBEUV3/AA001140,2026-02-20,2026-03-26,2026-04-01,147000,147000,147000,2026-03-25,,O,,중점관리품목,,2648,389256000
상,박진형,베승원,기초,DPD,9DPD0013112,아누아나이아신10트라넥4세럼30ML(GLB/EU처방/V3/AA001138,2026-02-20,2026-03-26,2026-04-01,172000,172000,172000,2026-03-25,,O,,중점관리품목,,3067,527524000
상,박진형,베승원,기초,DPD,9DPD0019117,아누아피디알엔수분캡슐미스트100MLGLB리뉴얼/AA001316,2026-02-20,2026-03-26,2026-04-01,116000,116000,116000,2026-03-25,,O,,중점관리품목,,3922,454952000
상,박진형,베승원,기초,DPD,9DPD0013212,아누아7라이스베리어세럼50ML(GLB/EU처방/V3/AA001146),2026-02-20,2026-03-26,2026-04-01,44000,44000,44000,2026-03-25,,O,,중점관리품목,,2978,131032000
상,박진형,베승원,기초,DPD,9DPD0012610,아누아복숭아70나이아신세럼30ML(GLB/EU/유럽처방/AA000636),2026-02-20,2026-03-26,2026-04-01,5000,5000,5000,2026-03-25,,O,,중점관리품목,,2204,11020000
상,박진형,베승원,견본_용기,DPD,9DPD0011711,아누아나이아신아마이드10트라넥사믹4세럼10ML(GLB/AA000752,2026-02-20,2026-03-26,2026-04-01,28000,,28000,2026-03-25,,O,,중점관리품목,,1627,45556000
상,박진형,베승원,기초,DPD,9DPD0021710,아누아피디알엔히알루론수분캡슐미스트100ML(GLBEU리뉴얼AA001317,2026-02-20,2026-03-26,2026-04-01,188000,188000,188000,2026-03-25,,O,,중점관리품목,,3923,737524000
상,박진형,베승원,견본_용기,DPD,9DPD0005613,더파운더즈아누아복숭아70나이아신세럼10ML(GLB/AA000199),2026-02-20,2026-03-26,2026-04-01,5000,,5000,2026-03-25,,O,,중점관리품목,,1632,8160000
상,박진형,베승원,견본_용기,DPD,9DPD0014011,아누아아젤라익애씨드10히알루론레드네스수딩세럼10MLGLB/AA000744,2026-02-20,2026-03-26,2026-04-01,5000,,5000,2026-03-25,,O,,중점관리품목,,1437,7185000
상,박진형,베승원,견본_튜브,DPD,9DPD0012911,아누아피디알엔히알루론산100수분크림10ML(AA001074),2026-02-20,2026-03-26,2026-04-01,13000,,13000,2026-03-25,,O,,중점관리품목,,888,11544000
상,박진형,베승원,튜브,DPD,9DPD0011617,아누아피디알엔히알루론산100수분크림60ML(GLBEUV3/AA001135,2026-02-20,2026-03-26,2026-04-01,225000,225000,225000,2026-03-25,,O,,중점관리품목,,3147,708075000
상,박진형,베승원,튜브,DPD,9DPD0015010,아누아피디알엔히알루론산100수분크림60ML/AA000825,2026-02-20,2026-03-26,2026-04-01,270000,270000,270000,2026-03-25,,O,,중점관리품목,,3126,844020000
상,박진형,베승원,마스크시트,DPD,9DPD0015511,아누아복숭아70나이아신세럼마스크25ML(1매/GLB/EU/AA001448,2026-02-20,2026-03-26,2026-04-01,105000,21000,105000,2026-03-25,,O,,중점관리품목,,358,37590000
상,박진형,베승원,마스크시트,DPD,9DPD0020313,아누아나이아신트라넥사믹다크스팟세럼마스크(1매/GLBEU/AA001426,2026-02-20,2026-03-26,2026-04-01,170000,340000,170000,2026-03-25,,O,,중점관리품목,,366,62220000
상,박진형,베승원,기초,DPD,9DPD0006711,아누아7라이스세라마이드하이드레이팅베리어세럼50ML(글로벌/AA000215,2026-02-20,2026-03-26,2026-04-01,49000,49000,49000,2026-03-25,,O,,중점관리품목,,3021,148029000
상,박진형,베승원,기초,DPD,9DPD0010310,아누아아젤라익애씨드10히알루론레드니스수딩세럼30MLGLB/AA000331,2026-02-20,2026-03-26,2026-04-01,220000,220000,220000,2026-03-25,,O,,중점관리품목,,2609,573980000
상,박진형,베승원,마스크시트,DPD,9DPD0010715,아누아아젤라익15세럼마스크130(7매/JTJPOFF/AA001630,2026-01-30,2026-01-30,2026-03-01,29562,29562,29562,2026-04-01,,O,,중점관리품목,,1557,46028034
상,박진형,베승원,마스크시트,DPD,9DPD0005814,아누아복숭아70나이아신세럼마스크25ML(리뉴얼10매KDH/AK141020,2026-02-20,2026-03-27,2026-04-01,1000,2000,1000,2026-03-25,,O,,중점관리품목,,3855,3855000
상,박진형,베승원,마스크시트,DPD,9DPD0020411,아누아트라넥사믹세럼마스크28ML(10매/GLBEUKDH/AK141015,2026-02-20,2026-03-27,2026-04-01,8000,16000,8000,2026-03-25,,O,,중점관리품목,,3875,31000000
상,박진형,베승원,마스크시트,DPD,9DPD0005714,아누아복숭아70나이아신세럼마스크25ML(1매/KDH리뉴얼/AK141030,2026-02-20,2026-03-27,2026-04-01,100000,20000,100000,2026-03-25,,O,,중점관리품목,,358,35800000
상,박진형,베승원,마스크시트,DPD,9DPD0020411,아누아트라넥사믹세럼마스크28ML(10매/GLBEUKDH/AK141015,2026-02-20,2026-03-27,2026-04-01,1000,2000,1000,2026-03-25,,O,,중점관리품목,,3875,3875000
상,박진형,베승원,마스크시트,DPD,9DPD0005814,아누아복숭아70나이아신세럼마스크25ML(리뉴얼10매KDH/AK141020,2026-02-20,2026-03-27,2026-04-01,3000,6000,3000,2026-03-25,,O,,중점관리품목,,3855,11565000
상,박진형,베승원,기초,DPD,9DPD0010911,아누아나이아신아마이드10트라넥사믹4세럼30ML얼타GLB코코AA000465,2026-02-20,2026-03-27,2026-04-01,60000,60000,60000,2026-03-25,,O,,중점관리품목,,3028,181680000
상,박진형,베승원,마스크시트,DPD,9DPD0020311,아누아트라넥사믹세럼마스크28ML(1매/GLBEUKDH/AK141024,2026-02-20,2026-03-27,2026-04-01,100000,200000,100000,2026-03-25,,O,,중점관리품목,,366,36600000
상,박진형,베승원,마스크시트,DPD,9DPD0020411,아누아트라넥사믹세럼마스크28ML(10매/GLBEUKDH/AK141015,2026-02-20,2026-03-27,2026-04-01,1000,2000,1000,2026-03-25,,O,,중점관리품목,,3875,3875000
상,박진형,베승원,기초,DPD,9DPD0019211,아누아피디알엔히알루론산수분캡슐미스트30ML(GLB/AA001319/,2026-02-11,2026-03-24,2026-04-01,90000,90000,90000,2026-03-25,,O,,중점관리품목,,2954,265860000
상,박진형,베승원,기초,DPD,9DPD0022910,아누아TXA4갓세럼50ML(+갓키링/KDH/GLB/EU/AK241027),2026-01-09,2026-02-28,2026-04-01,11300,11300,11300,2026-03-25,,O,,중점관리품목,,4576,51708800
상,박진형,베승원,기초,DPD,9DPD0022910,아누아TXA4갓세럼50ML(+갓키링/KDH/GLB/EU/AK241027),2026-01-09,2026-02-28,2026-04-01,11800,11800,4800,2026-03-25,,O,,중점관리품목,,4576,21964800
상,박진형,베승원,견본_용기,DPD,9DPD0011711,아누아나이아신아마이드10트라넥사믹4세럼10ML(GLB/AA000752,2026-03-04,2026-04-08,2026-04-08,10000,,10000,2026-04-01,,O,,중점관리품목,,1627,16270000
상,박진형,베승원,기초,DPD,9DPD0010310,아누아아젤라익애씨드10히알루론레드니스수딩세럼30MLGLB/AA000331,2026-03-04,2026-04-10,2026-04-10,20000,20000,20000,2026-04-03,,O,,중점관리품목,,2609,52180000
상,박진형,베승원,마스크시트,DPD,9DPD0016411,아누아복숭아70나이아신세럼마스크25ML(OYKDH/6매/AK211014,2026-03-04,2026-04-09,2026-04-09,5000,6000,5000,2026-04-02,,O,,중점관리품목,,2426,12130000
상,박진형,베승원,기초,DPD,9DPD0024210,아누아아젤라익애씨드15인텐스카밍세럼50ML(JP/ON/AA001770),2026-01-12,2026-02-17,2026-04-01,10000,10000,4120,2026-03-25,,O,,중점관리품목,,3965,16335800
상,박진형,베승원,기초,DPD,9DPD0024010,아누아아젤라익15갓세럼30ML(+갓키링/JPOFFKDH/AK221033),2026-01-12,2026-03-05,2026-03-05,50000,50000,50000,2026-04-01,,O,,중점관리품목,,2979,148950000
상,박진형,베승원,기초,DPD,9DPD0024710,아누아피디알엔히알루론산수분캡슐미스트50ML(JP/OFF/AA001796),2026-01-20,2026-02-19,2026-04-01,300000,300000,218400,2026-03-25,,O,,중점관리품목,,2943,642751200
상,박진형,베승원,기초,DPD,9DPD0010911,아누아나이아신아마이드10트라넥사믹4세럼30ML얼타GLB코코AA000465,2026-01-20,2026-02-26,2026-03-01,30000,30000,30000,2026-04-01,,O,,중점관리품목,,3028,90840000
상,박진형,베승원,기초,DPD,9DPD0011011,아누아나이아신10트라넥4세럼30ML(US/ON/AMZ코코/AA000466,2026-01-20,2026-02-20,2026-03-01,200000,200000,200000,2026-04-01,,O,,중점관리품목,,3029,605800000
상,박진형,베승원,기초,DPD,9DPD0006712,아누아7라이스세라마이드하이드레이팅베리어세럼50ML(북미)/AA000216,2026-03-06,2026-04-14,2026-04-14,20000,20000,20000,2026-04-07,,O,,중점관리품목,,3022,60440000
상,박진형,베승원,튜브,DPD,9DPD0011610,더파운더즈아누아피디알엔히알루론산100수분크림60ML/AA000516,2026-03-06,2026-04-14,2026-04-14,10000,10000,10000,2026-04-07,,O,,중점관리품목,,3126,31260000
상,박진형,베승원,튜브,DPD,9DPD0011617,아누아피디알엔히알루론산100수분크림60ML(GLBEUV3/AA001135,2026-03-06,2026-04-14,2026-04-14,10000,10000,10000,2026-04-07,,O,,중점관리품목,,3147,31470000
상,박진형,베승원,튜브,DPD,9DPD0021310,아누아피디알엔히알루론산수분크림60ML기획*3(TR/KR/AA001540),2026-03-06,2026-04-08,2026-04-08,10000,30000,10000,2026-04-01,,O,,중점관리품목,,9904,99040000
상,박진형,베승원,견본_용기,DPD,9DPD0014014,아누아아젤라익10히알루론레드수딩세럼10ML(GLBULTA/AA001360,2026-02-24,2026-03-26,2026-04-01,18000,,18000,2026-03-25,,O,,중점관리품목,,200,3600000
상,박진형,베승원,기초,DPD,9DPD0024110,아누아피디알엔히알루론산수분캡슐미스트100ML더블기획(OY/AA001721,2026-02-10,2026-04-02,2026-04-02,50000,100000,50000,2026-03-26,,O,,중점관리품목,,7663,383150000
상,박진형,베승원,기초,DPD,9DPD0017010,아누아나이아신10트라넥4다크스팟세럼30ML더블기획(OY/AA000611),2026-02-10,2026-04-02,2026-04-02,30000,60000,30000,2026-03-26,,O,,중점관리품목,,6148,184440000
상,박진형,베승원,튜브,DPD,9DPD0015610,아누아피디알엔히알루론산100수분크림기획(60ML*2/OY/AA000968,2026-02-10,2026-04-02,2026-04-02,30000,60000,30000,2026-03-26,,O,,중점관리품목,,6511,195330000
중,김세윤,사급,기초,BSO,9BSO0004010,본투스탠드아웃엑스트레익스트림50ML#블랙망고*사양/개입수미정,2026-02-24,2026-04-17,2026-04-17,1977,1977,1977,2026-04-23,2026-03-31,O,2026-04-14,중점관리품목,,1435,2836995
중,김세윤,사급,기초,BSO,9BSO0004210,본투스탠드아웃엑스트레익스트림50ML#블랙구아바*사양/개입수미정,2026-02-24,2026-04-17,2026-04-17,1647,1647,1647,2026-04-23,2026-03-31,O,2026-04-14,중점관리품목,,1435,2363445
중,김세윤,사급,기초,BSO,9BSO0004110,본투스탠드아웃엑스트레익스트림50ML#오우드캔디*사양/개입수미정,2026-02-24,2026-04-17,2026-04-17,1977,1977,1977,2026-04-23,2026-03-31,O,2026-04-14,중점관리품목,,1435,2836995
상,박진형,베승원,기초,DPD,9DPD0010316,아누아아젤라10히알루론레드니스세럼30ML/EUONAMZ/AAA000792,2026-03-16,2026-04-22,2026-04-22,20000,20000,20000,2026-04-15,,O,,중점관리품목,,2295,45900000
상,박진형,베승원,기초,DPD,9DPD0013112,아누아나이아신10트라넥4세럼30ML(GLB/EU처방/V3/AA001138,2026-03-16,2026-04-22,2026-04-22,7000,7000,7000,2026-04-15,,O,,중점관리품목,,3067,21469000
상,박진형,베승원,기초,DPD,9DPD0010313,아누아아젤라익10히알루론레드니스세럼30ML(GLBEUV3/AA001140,2026-03-16,2026-04-22,2026-04-22,20000,20000,20000,2026-04-15,,O,,중점관리품목,,2648,52960000
상,박진형,베승원,튜브,DPD,9DPD0015010,아누아피디알엔히알루론산100수분크림60ML/AA000825,2026-02-06,2026-03-24,2026-03-24,61000,61000,51760,2026-04-01,,O,,중점관리품목,,3126,161801760
상,박진형,베승원,튜브,DPD,9DPD0011613,아누아피디알엔히알100수분크림60ML(US/ON/AMZ/AA000799),2026-02-06,2026-03-18,2026-03-18,100000,100000,100000,2026-04-01,,O,,중점관리품목,,3127,312700000
상,박진형,베승원,튜브,DPD,9DPD0015010,아누아피디알엔히알루론산100수분크림60ML/AA000825,2026-02-06,2026-03-18,2026-03-18,60000,60000,60000,2026-04-01,,O,,중점관리품목,,3126,187560000
상,박진형,베승원,기초,DPD,9DPD0010310,아누아아젤라익애씨드10히알루론레드니스수딩세럼30MLGLB/AA000331,2026-02-06,2026-03-24,2026-03-24,70000,70000,70000,2026-04-01,,O,,중점관리품목,,2609,182630000
상,박진형,베승원,견본_용기,DPD,9DPD0011710,아누아나이아신10트라넥사믹4세럼10ML(GLB/ULTA)/AA000508,2026-02-06,2026-03-24,2026-04-01,10000,,10000,2026-03-25,,O,,중점관리품목,,1888,18880000
상,박진형,베승원,기초,DPD,9DPD0010911,아누아나이아신아마이드10트라넥사믹4세럼30ML얼타GLB코코AA000465,2026-02-06,2026-03-24,2026-03-24,30000,30000,30000,2026-04-01,,O,,중점관리품목,,3028,90840000
상,박진형,베승원,견본_파우치,DPD,9DPD0014512,더파운더즈아누아피디알엔2열샤셰(세럼1/크림1/OYUSAA001923),2026-02-11,2026-03-22,2026-03-22,100000,,100000,2026-04-01,,O,,중점관리품목,,241,24100000
상,박진형,베승원,기초,DPD,9DPD0019116,아누아피디알엔히알루론산수분캡슐미스트100ML(리뉴얼/날개/AA001308,2026-02-11,2026-03-20,2026-03-23,7500,7500,7500,2026-04-01,,O,,중점관리품목,,3922,29415000
상,박진형,베승원,기초,DPD,9DPD0019210,아누아피디알엔히알루론산수분캡슐미스트30ML(AA001309),2026-02-11,2026-03-20,2026-04-01,40000,40000,40000,2026-03-25,,O,,중점관리품목,,2954,118160000
상,박진형,베승원,튜브,DPD,9DPD0011614,아누아피디알엔히알루론100수분크림60ML(JT/JPOFF/AA000993,2026-01-26,2026-03-06,2026-03-06,15000,15000,15000,2026-04-01,,O,,중점관리품목,,3116,46740000
상,박진형,베승원,기초,DPD,9DPD0010311,아누아아젤라익10레드니스수딩세럼30ML(USONAMZ)/AA000378,2026-02-10,2026-03-19,2026-03-19,100000,100000,38764,2026-04-01,,O,,중점관리품목,,2610,101174040
상,박진형,베승원,견본_용기,DPD,9DPD0025310,아누아갓세럼디스커버리(10+10+10/GLBEUKDH/AK241030),2026-02-23,2026-03-27,2026-04-01,10000,,10000,2026-03-25,,O,,중점관리품목,,5600,56000000
상,박진형,베승원,기초,DPD,9DPD0019117,아누아피디알엔수분캡슐미스트100MLGLB리뉴얼/AA001316,2026-02-23,2026-04-02,2026-04-02,40000,40000,40000,2026-03-26,,O,,중점관리품목,,3922,156880000
상,박진형,베승원,견본_용기,DPD,9DPD0011714,아누아나이아신10트라넥사믹4세럼10ML(GLB/ULTA샘플AA001358,2026-02-23,2026-04-02,2026-04-02,13000,,13000,2026-03-26,,O,,중점관리품목,,1773,23049000
상,박진형,베승원,기초,DPD,9DPD0019116,아누아피디알엔히알루론산수분캡슐미스트100ML(리뉴얼/날개/AA001308,2026-02-23,2026-04-02,2026-04-02,40000,40000,40000,2026-03-26,,O,,중점관리품목,,3922,156880000
상,박진형,베승원,튜브,DPD,9DPD0011610,더파운더즈아누아피디알엔히알루론산100수분크림60ML/AA000516,2026-02-23,2026-04-02,2026-04-02,10000,10000,10000,2026-03-26,,O,,중점관리품목,,3126,31260000
상,박진형,베승원,기초,DPD,9DPD0010311,아누아아젤라익10레드니스수딩세럼30ML(USONAMZ)/AA000378,2026-02-23,2026-04-02,2026-04-01,70000,70000,70000,2026-03-25,,O,,중점관리품목,,2610,182700000
상,박진형,베승원,기초,DPD,9DPD0022910,아누아TXA4갓세럼50ML(+갓키링/KDH/GLB/EU/AK241027),2026-02-23,2026-03-27,2026-04-02,50000,50000,50000,2026-03-26,,O,,중점관리품목,,4576,228800000
상,박진형,베승원,기초,DPD,9DPD0023110,아누아아젤라익10갓세럼50ML(+갓키링/KDH/GLBEU/AK241029,2026-02-23,2026-03-27,2026-04-01,50000,50000,50000,2026-03-25,,O,,중점관리품목,,3891,194550000
상,박진형,베승원,기초,DPD,9DPD0005610,더파운더즈아누아복숭아70나이아신세럼30ML(용매분리/AA000035,2026-02-06,2026-03-16,2026-03-16,7000,7000,250,2026-04-01,,O,,중점관리품목,,2203,550750
상,박진형,베승원,견본_용기,DPD,9DPD0025310,아누아갓세럼디스커버리(10+10+10/GLBEUKDH/AK241030),2026-02-06,2026-03-20,2026-03-20,35000,,35000,2026-04-01,,O,,중점관리품목,,5600,196000000
상,박진형,베승원,마스크시트,DPD,9DPD0005714,아누아복숭아70나이아신세럼마스크25ML(1매/KDH리뉴얼/AK141030,2026-02-06,2026-03-20,2026-03-20,41500,8300,41500,2026-04-01,,O,,중점관리품목,,358,14857000
상,박진형,베승원,마스크시트,DPD,9DPD0020311,아누아트라넥사믹세럼마스크28ML(1매/GLBEUKDH/AK141024,2026-02-06,2026-03-20,2026-03-20,83000,166000,83000,2026-04-01,,O,,중점관리품목,,366,30378000
상,박진형,베승원,마스크시트,DPD,9DPD0005814,아누아복숭아70나이아신세럼마스크25ML(리뉴얼10매KDH/AK141020,2026-02-06,2026-03-20,2026-03-20,33200,66400,33200,2026-04-01,,O,,중점관리품목,,3855,127986000
상,박진형,베승원,마스크시트,DPD,9DPD0020411,아누아트라넥사믹세럼마스크28ML(10매/GLBEUKDH/AK141015,2026-02-06,2026-03-13,2026-03-13,8300,16600,8300,2026-04-01,,O,,중점관리품목,,3875,32162500
상,박진형,베승원,기초,DPD,9DPD0021810,아누아피디알엔히알루론산수분캡슐미스트30ML(USONAMZ/AA001321,2026-02-06,2026-03-16,2026-04-01,70000,70000,70000,2026-03-25,,O,,중점관리품목,,2955,206850000
상,박진형,베승원,기초,DPD,9DPD0010310,아누아아젤라익애씨드10히알루론레드니스수딩세럼30MLGLB/AA000331,2026-02-06,2026-03-16,2026-03-16,5000,5000,5000,2026-04-01,,O,,중점관리품목,,2609,13045000
상,박진형,베승원,기초,DPD,9DPD0010313,아누아아젤라익10히알루론레드니스세럼30ML(GLBEUV3/AA001140,2026-02-06,2026-03-17,2026-03-17,25000,25000,25000,2026-04-01,,O,,중점관리품목,,2648,66200000
상,박진형,베승원,기초,DPD,9DPD0006710,아누아7라이스세라마이드하이드레이팅베리어세럼50ML/AA000214,2026-02-06,2026-03-16,2026-03-16,5000,5000,5000,2026-04-01,,O,,중점관리품목,,3021,15105000
상,박진형,베승원,기초,DPD,9DPD0022910,아누아TXA4갓세럼50ML(+갓키링/KDH/GLB/EU/AK241027),2026-02-06,2026-03-13,2026-03-13,5410,5410,5410,2026-04-01,,O,,중점관리품목,,4576,24756160
상,박진형,베승원,기초,DPD,9DPD0022910,아누아TXA4갓세럼50ML(+갓키링/KDH/GLB/EU/AK241027),2026-02-06,2026-03-20,2026-03-20,93900,93900,93900,2026-04-01,,O,,중점관리품목,,4576,429686400
상,박진형,베승원,기초,DPD,9DPD0023110,아누아아젤라익10갓세럼50ML(+갓키링/KDH/GLBEU/AK241029,2026-02-06,2026-03-13,2026-03-13,6410,6410,6410,2026-04-01,,O,,중점관리품목,,3891,24941310
상,박진형,베승원,기초,DPD,9DPD0023110,아누아아젤라익10갓세럼50ML(+갓키링/KDH/GLBEU/AK241029,2026-02-06,2026-03-20,2026-03-20,112900,112900,112900,2026-04-01,,O,,중점관리품목,,3891,439293900
상,박진형,베승원,기초,DPD,9DPD0019118,아누아피디알엔히알루론수분미스트100ML(USONAMZ리뉴얼AA001318,2026-02-06,2026-03-16,2026-04-01,150000,150000,150000,2026-03-25,,O,,중점관리품목,,3923,588450000
상,박진형,베승원,기초,DPD,9DPD0021211,아누아피디알엔수분캡슐미스트100ML(리뉴얼/JPOFF/날개AA001568,2026-01-30,2026-03-11,2026-04-01,90000,90000,79990,2026-03-25,,O,,중점관리품목,,3912,312920880
상,박진형,베승원,기초,DPD,9DPD0021810,아누아피디알엔히알루론산수분캡슐미스트30ML(USONAMZ/AA001321,2026-01-30,2026-03-12,2026-04-01,90000,90000,90000,2026-03-25,,O,,중점관리품목,,2955,265950000
상,박진형,베승원,기초,DPD,9DPD0019118,아누아피디알엔히알루론수분미스트100ML(USONAMZ리뉴얼AA001318,2026-01-30,2026-03-12,2026-04-01,160000,160000,124157,2026-03-25,,O,,중점관리품목,,3923,487067911
상,박진형,베승원,기초,DPD,9DPD0006712,아누아7라이스세라마이드하이드레이팅베리어세럼50ML(북미)/AA000216,2026-01-30,2026-03-11,2026-03-11,20000,20000,20000,2026-04-01,,O,,중점관리품목,,3176,63520000
상,박진형,베승원,튜브,DPD,9DPD0011613,아누아피디알엔히알100수분크림60ML(US/ON/AMZ/AA000799),2026-01-30,2026-03-11,2026-03-11,80000,80000,80000,2026-04-01,,O,,중점관리품목,,3127,250160000
상,박진형,베승원,튜브,DPD,9DPD0011616,아누아피디알엔히알100수분크림60ML(JTJPONAMZ/AA000974,2026-01-30,2026-03-12,2026-03-12,6000,6000,6000,2026-04-01,,O,,중점관리품목,,3126,18756000
상,박진형,베승원,기초,DPD,9DPD0019117,아누아피디알엔수분캡슐미스트100MLGLB리뉴얼/AA001316,2026-01-30,2026-03-12,2026-03-12,30000,30000,30000,2026-04-01,,O,,중점관리품목,,3922,117660000
상,박진형,베승원,기초,DPD,9DPD0006710,아누아7라이스세라마이드하이드레이팅베리어세럼50ML/AA000214,2026-01-30,2026-03-05,2026-03-05,8000,8000,8000,2026-04-01,,O,,중점관리품목,,3021,24168000
상,박진형,베승원,기초,DPD,9DPD0019213,아누아피디알엔히알루론산수분캡슐미스트30ML(GLBEU/AA001320),2026-01-30,2026-03-11,2026-03-30,5000,5000,5000,2026-04-01,,O,,중점관리품목,,2955,14775000
상,박진형,베승원,기초,DPD,9DPD0021710,아누아피디알엔히알루론수분캡슐미스트100ML(GLBEU리뉴얼AA001317,2026-01-30,2026-03-11,2026-03-30,15000,15000,15000,2026-04-01,,O,,중점관리품목,,3923,58845000
상,박진형,베승원,튜브,DPD,9DPD0011610,더파운더즈아누아피디알엔히알루론산100수분크림60ML/AA000516,2026-02-10,2026-04-02,2026-04-02,50000,50000,24010,2026-03-26,,O,,중점관리품목,,3126,75055260
상,박진형,베승원,기초,DPD,9DPD0025810,아누아나이아신10트라넥4세럼30ML기획(리필30/OYUS/AA001933,2026-02-27,2026-04-03,2026-04-03,7000,14000,7000,2026-03-27,,O,,중점관리품목,,4736,33152000
상,박진형,베승원,기초,DPD,9DPD0025910,아누아복숭아70나이아신세럼30ML(+리필30/OY/AA001934),2026-02-27,2026-04-03,2026-04-03,7000,14000,7000,2026-03-27,,O,,중점관리품목,,4736,33152000
상,박진형,베승원,기초,DPD,9DPD0025810,아누아나이아신10트라넥4세럼30ML기획(리필30/OYUS/AA001933,2026-02-27,2026-04-03,2026-04-03,3000,6000,3000,2026-03-27,,O,,중점관리품목,,4736,14208000
상,박진형,베승원,기초,DPD,9DPD0025910,아누아복숭아70나이아신세럼30ML(+리필30/OY/AA001934),2026-02-27,2026-04-03,2026-04-03,3000,6000,3000,2026-03-27,,O,,중점관리품목,,4736,14208000
상,박진형,베승원,마스크시트,DPD,9DPD0016510,아누아복숭아70나이아신세럼마스크25ML(OY/10매/AA001047),2026-02-27,2026-04-07,2026-04-07,5000,10000,5000,2026-03-31,,O,,중점관리품목,,3759,18795000
상,박진형,베승원,마스크시트,DPD,9DPD0016310,아누아복숭아70나이아신세럼마스크25ML(OY/1매/AA001046),2026-02-27,2026-04-07,2026-04-07,80000,16000,80000,2026-03-31,,O,,중점관리품목,,357,28560000
상,박진형,베승원,기초,DPD,9DPD0026110,아누아피디알엔히알루론산캡슐미스트100ML(EU/ONAMZ/AA001616,2026-02-27,2026-04-07,2026-04-07,20000,20000,20000,2026-03-31,,O,,중점관리품목,,2831,56620000
상,박진형,베승원,기초,DPD,9DPD0010316,아누아아젤라10히알루론레드니스세럼30ML/EUONAMZ/AAA000792,2026-02-27,2026-04-07,2026-04-07,20000,20000,20000,2026-03-31,,O,,중점관리품목,,2295,45900000
상,박진형,베승원,튜브,DPD,9DPD0011619,아누아피디알엔히알루론100수분크림60ML(EUONAMZ/AA000998),2026-02-27,2026-04-07,2026-04-07,20000,20000,20000,2026-03-31,,O,,중점관리품목,,2004,40080000
상,박진형,베승원,기초,DPD,9DPD0019117,아누아피디알엔수분캡슐미스트100MLGLB리뉴얼/AA001316,2026-02-12,2026-03-24,2026-04-01,90000,90000,90000,2026-03-25,,O,,중점관리품목,,3922,352980000
중,김현주,김현우,립스틱_프론트,KRA,9KRA0014810,코리아나텐세컨즈립스틱#03인형핑크(리뉴얼),2026-03-10,2026-04-28,2026-04-28,3000,3000,3000,2026-04-24,,,,중점관리품목,,3569,10707000
중,김현주,김현우,립스틱_프론트,KRA,9KRA0014910,코리아나텐세컨즈립스틱#04팜므퍼플(리뉴얼),2026-03-10,2026-04-28,2026-04-28,3000,3000,3000,2026-04-24,,,,중점관리품목,,3572,10716000
중,김현주,김현우,립스틱_프론트,KRA,9KRA0015110,코리아나텐세컨즈립스틱#06클래식로즈(리뉴얼),2026-03-10,2026-04-28,2026-04-28,3000,3000,3000,2026-04-24,,,,중점관리품목,,3561,10683000
상,김현주,임민수,파우더성형_일반,IWD,9IWD0070310,롬앤베러댄컨투어기획세트#2호그레이쿨,2026-03-16,2026-05-01,2026-05-01,20180,20180,20180,ASAP,,,,중점관리품목,부자재 수급 이슈 발생 가능성(전쟁),7226,145820680
상,김현주,임민수,립글로즈,IWD,9IWD0052312,앤드바이롬앤글래시밤틴트#BR03코코아브라운(국내),2026-03-05,2026-04-17,2026-04-17,10000,10000,10000,ASAP,,,,중점관리품목,부자재 수급 이슈 발생 가능성(전쟁),1475,14750000
상,김현주,임민수,립글로즈,IWD,9IWD0052212,앤드바이롬앤글래시밤틴트#BR02로즈빈(국내),2026-03-05,2026-04-17,2026-04-17,10000,10000,10000,ASAP,,,,중점관리품목,부자재 수급 이슈 발생 가능성(전쟁),1475,14750000
상,김현주,임민수,파우더성형_일반,IWD,9IWD0051912,앤드바이롬앤멜로우아이팔레트#BR02애플시나몬(국내),2026-03-05,2026-04-17,2026-04-17,10000,10000,10000,ASAP,,,,중점관리품목,부자재 수급 이슈 발생 가능성(전쟁),2372,23720000
상,김현주,임민수,파우더성형_일반,IWD,9IWD0051812,앤드바이롬앤멜로우아이팔레트#BR01소프트브라운(국내),2026-03-05,2026-04-17,2026-04-17,10000,10000,10000,ASAP,,,,중점관리품목,부자재 수급 이슈 발생 가능성(전쟁),2372,23720000
상,김현주,임민수,립글로즈,IWD,9IWD0052112,앤드바이롬앤글래시밤틴트#BR01데져트브릭(국내),2026-03-05,2026-04-17,2026-04-17,10000,10000,10000,ASAP,,,,중점관리품목,부자재 수급 이슈 발생 가능성(전쟁),1475,14750000
상,김현주,임민수,립글로즈,IWD,9IWD0052412,앤드바이롬앤글래시밤틴트#PK01핑크데어(국내),2026-03-05,2026-04-17,2026-04-17,10000,10000,10000,ASAP,,,,중점관리품목,부자재 수급 이슈 발생 가능성(전쟁),1475,14750000
상,김현주,임민수,립글로즈,IWD,9IWD0052012,앤드바이롬앤글래시밤틴트#BE01누디누드(국내),2026-03-05,2026-04-17,2026-04-17,10000,10000,10000,ASAP,,,,중점관리품목,부자재 수급 이슈 발생 가능성(전쟁),1475,14750000
상,김현주,임민수,립스틱_프론트,IWD,9IWD0120310,앤드바이롬앤글래시밤#RD01칠리웨이(국내),2026-03-05,2026-04-17,2026-04-17,10000,10000,10000,ASAP,,,,중점관리품목,부자재 수급 이슈 발생 가능성(전쟁),1374,13740000
상,김현주,임민수,립스틱_프론트,IWD,9IWD0120210,앤드바이롬앤글래시밤#PK01베어로즈(국내),2026-03-05,2026-04-17,2026-04-17,10000,10000,10000,ASAP,,,,중점관리품목,부자재 수급 이슈 발생 가능성(전쟁),1374,13740000
상,김현주,임민수,립스틱_프론트,IWD,9IWD0120110,앤드바이롬앤글래시밤#BE01너트베이지(국내),2026-03-05,2026-04-17,2026-04-17,10000,10000,10000,ASAP,,,,중점관리품목,부자재 수급 이슈 발생 가능성(전쟁),1374,13740000
상,김현주,임민수,틴트/컨실러,IWD,9IWD0048923,롬앤듀이풀워터틴트#14피치모카(일본)(25캡변경/리뉴얼),2026-03-05,2026-04-18,2026-04-18,20080,20080,20080,ASAP,,,,중점관리품목,부자재 수급 이슈 발생 가능성(전쟁),2411,48412880
상,김현주,임민수,립글로즈,IWD,9IWD0041340,롬앤블러퍼지틴트#01포멜로코(믹스앤매치),2026-03-12,2026-04-25,2026-04-25,14000,14000,14000,ASAP,,,,중점관리품목,부자재 수급 이슈 발생 가능성(전쟁),2449,34286000
상,김현주,임민수,파우더성형_일반,IWD,9IWD0048110,롬앤베러댄치크(리뉴얼)#W02스트로베리밀크,2026-03-12,2026-04-25,2026-04-25,5000,5000,5000,ASAP,,,,중점관리품목,부자재 수급 이슈 발생 가능성(전쟁),1843,9215000
상,김현주,임민수,파우더성형_일반,IWD,9IWD0048010,롬앤베러댄치크(리뉴얼)#W01오디밀크,2026-03-12,2026-04-25,2026-04-25,5000,5000,5000,ASAP,,,,중점관리품목,부자재 수급 이슈 발생 가능성(전쟁),1843,9215000
상,김현주,임민수,파우더성형_일반,IWD,9IWD0048510,롬앤베러댄치크(리뉴얼)#N02바인누드,2026-03-12,2026-04-25,2026-04-25,7000,7000,7000,ASAP,,,,중점관리품목,부자재 수급 이슈 발생 가능성(전쟁),1849,12943000
상,김현주,임민수,파우더성형_일반,IWD,9IWD0048310,롬앤베러댄치크(리뉴얼)#C04페어칩,2026-03-12,2026-04-25,2026-04-25,6000,6000,6000,ASAP,,,,중점관리품목,부자재 수급 이슈 발생 가능성(전쟁),1681,10086000
상,김현주,임민수,파우더성형_일반,IWD,9IWD0047810,롬앤베러댄치크(리뉴얼)#C02블루베리칩,2026-03-12,2026-04-25,2026-04-25,8000,8000,8000,ASAP,,,,중점관리품목,부자재 수급 이슈 발생 가능성(전쟁),1681,13448000
상,김현주,임민수,파우더성형_일반,IWD,9IWD0047710,롬앤베러댄치크(리뉴얼)#C01피치칩,2026-03-12,2026-04-25,2026-04-25,4000,4000,4000,ASAP,,,,중점관리품목,부자재 수급 이슈 발생 가능성(전쟁),1681,6724000
중,김현주,임민수,틴트/컨실러,IWD,9IWD0059210,롬앤THE쥬시래스팅틴트#4피그피그,2026-03-12,2026-04-25,2026-04-25,16000,16000,16000,ASAP,,,,중점관리품목,,2255,36080000
중,김현주,임민수,틴트/컨실러,IWD,9IWD0059310,롬앤THE쥬시래스팅틴트#5쥬쥬브,2026-03-12,2026-04-25,2026-04-25,16000,16000,16000,ASAP,,,,중점관리품목,,2255,36080000
중,김현주,임민수,틴트/컨실러,IWD,9IWD0059510,롬앤THE쥬시래스팅틴트#7체리밤,2026-03-12,2026-04-25,2026-04-25,14000,14000,14000,ASAP,,,,중점관리품목,,2255,31570000
중,김현주,임민수,틴트/컨실러,IWD,9IWD0068510,롬앤THE쥬시래스팅틴트#9멀드피치,2026-03-12,2026-04-25,2026-04-25,10000,10000,10000,ASAP,,,,중점관리품목,,2255,22550000
중,김현주,임민수,틴트/컨실러,IWD,9IWD0077110,롬앤THE쥬시래스팅틴트#13잇도토리,2026-03-12,2026-04-25,2026-04-25,8000,8000,8000,ASAP,,,,중점관리품목,,2255,18040000
중,김현주,임민수,틴트/컨실러,IWD,9IWD0077210,롬앤THE쥬시래스팅틴트#14아몬드로즈,2026-03-12,2026-04-25,2026-04-25,9000,9000,9000,ASAP,,,,중점관리품목,,2255,20295000
중,김현주,임민수,틴트/컨실러,IWD,9IWD0080010,롬앤THE쥬시래스팅틴트#20쥬쥬피그,2026-03-12,2026-04-25,2026-04-25,17000,17000,17000,ASAP,,,,중점관리품목,,2255,38335000
중,김현주,임민수,틴트/컨실러,IWD,9IWD0059110,롬앤THE쥬시래스팅틴트#3베어그레이프,2026-03-12,2026-04-25,2026-04-25,28000,28000,28000,ASAP,,,,중점관리품목,,2255,63140000
중,김현주,임민수,틴트/컨실러,IWD,9IWD0059010,롬앤THE쥬시래스팅틴트#2누카다미아,2026-03-12,2026-04-25,2026-04-25,5000,5000,5000,ASAP,,,,중점관리품목,,2255,11275000
상,김현주,임민수,파우더성형_습식,IWD,9IWD0032110,롬앤시스루베일라이터#02문키스드베일@,2026-03-12,2026-04-25,2026-04-25,5000,5000,5000,ASAP,,,,중점관리품목,부자재 수급 이슈 발생 가능성(전쟁),2211,11055000
상,김현주,임민수,파우더성형_습식,IWD,9IWD0032010,롬앤시스루베일라이터#01선키스드베일@,2026-03-12,2026-04-25,2026-04-25,5000,5000,5000,ASAP,,,,중점관리품목,부자재 수급 이슈 발생 가능성(전쟁),2445,12225000
중,김현주,임민수,파우더성형_일반,IWD,9IWD0084710,롬앤슬라이드인싱글#M02쿨볼류머,2026-03-12,2026-04-25,2026-04-25,7000,7000,7000,ASAP,,,,중점관리품목,,1407,9849000
상,김현주,임민수,마스카라,IWD,9IWD0040310,롬앤한올픽스마스카라#L03롱헤이즐,2026-03-12,2026-04-25,2026-04-25,11000,11000,11000,ASAP,,,,중점관리품목,부자재 수급 이슈 발생 가능성(전쟁),2498,27478000
상,김현주,임민수,마스카라,IWD,9IWD0040210,롬앤한올픽스마스카라#L02롱애쉬,2026-03-12,2026-04-25,2026-04-25,8000,8000,8000,ASAP,,,,중점관리품목,부자재 수급 이슈 발생 가능성(전쟁),2504,20032000
상,김현주,임민수,마스카라,IWD,9IWD0033410,롬앤한올픽스마스카라#L01롱블랙@,2026-03-12,2026-04-25,2026-04-25,19000,19000,19000,ASAP,,,,중점관리품목,부자재 수급 이슈 발생 가능성(전쟁),2504,47576000
상,김현주,임민수,틴트/컨실러,IWD,9IWD0048812,롬앤듀이풀워터틴트#13커스터드모브(25캡변경/벌크리뉴얼),2026-03-12,2026-04-25,2026-04-25,14000,14000,14000,ASAP,,,,중점관리품목,부자재 수급 이슈 발생 가능성(전쟁),2402,33628000
상,김현주,임민수,틴트/컨실러,IWD,9IWD0048712,롬앤듀이풀워터틴트#12캐니언(25캡변경/벌크리뉴얼),2026-03-12,2026-04-25,2026-04-25,11000,11000,11000,ASAP,,,,중점관리품목,부자재 수급 이슈 발생 가능성(전쟁),2415,26565000
상,김현주,임민수,파우더성형_일반,IWD,9IWD0064110,롬앤베러댄팔레트#06피오니누드가든@●(색소변경),2026-03-12,2026-04-25,2026-04-25,10000,10000,10000,ASAP,,,,중점관리품목,부자재 수급 이슈 발생 가능성(전쟁),5496,54960000
상,김현주,임민수,파우더성형_일반,IWD,9IWD0063910,롬앤베러댄팔레트#05쉐이드앤섀도우가든@●(색소변경),2026-03-12,2026-04-25,2026-04-25,10000,10000,10000,ASAP,,,,중점관리품목,부자재 수급 이슈 발생 가능성(전쟁),5155,51550000
상,김현주,임민수,파우더성형_일반,IWD,9IWD0063510,롬앤베러댄팔레트#03로즈버드가든@●(색소변경),2026-03-12,2026-04-25,2026-04-25,50000,50000,50000,ASAP,,,,중점관리품목,부자재 수급 이슈 발생 가능성(전쟁),5815,290750000
상,김현주,임민수,파우더성형_일반,IWD,9IWD0063310,롬앤베러댄팔레트#02마호가니가든@●(색소변경),2026-03-12,2026-04-25,2026-04-25,7000,7000,7000,ASAP,,,,중점관리품목,부자재 수급 이슈 발생 가능성(전쟁),5815,40705000
상,김현주,임민수,립글로즈,IWD,9IWD0056510,롬앤블러퍼지틴트#14언로즈(믹스앤매치),2026-03-12,2026-04-25,2026-04-25,15000,15000,15000,ASAP,,,,중점관리품목,부자재 수급 이슈 발생 가능성(전쟁),2449,36735000
상,김현주,임민수,립글로즈,IWD,9IWD0056410,롬앤블러퍼지틴트#13쿨링업(믹스앤매치),2026-03-12,2026-04-25,2026-04-25,10000,10000,10000,ASAP,,,,중점관리품목,부자재 수급 이슈 발생 가능성(전쟁),2449,24490000
상,김현주,임민수,립글로즈,IWD,9IWD0056310,롬앤블러퍼지틴트#12웜밍업(믹스앤매치),2026-03-12,2026-04-25,2026-04-25,16000,16000,16000,ASAP,,,,중점관리품목,부자재 수급 이슈 발생 가능성(전쟁),2449,39184000
상,김현주,임민수,립글로즈,IWD,9IWD0043540,롬앤블러퍼지틴트#10퍼지레드(믹스앤매치),2026-03-12,2026-04-25,2026-04-25,10000,10000,10000,ASAP,,,,중점관리품목,부자재 수급 이슈 발생 가능성(전쟁),2449,24490000
상,김현주,임민수,립글로즈,IWD,9IWD0041540,롬앤블러퍼지틴트#03머스키(믹스앤매치),2026-03-12,2026-04-25,2026-04-25,20000,20000,20000,ASAP,,,,중점관리품목,부자재 수급 이슈 발생 가능성(전쟁),2449,48980000
상,김현주,임민수,립글로즈,IWD,9IWD0041440,롬앤블러퍼지틴트#02로지엔탈(믹스앤매치),2026-03-12,2026-04-25,2026-04-25,14000,14000,14000,ASAP,,,,중점관리품목,부자재 수급 이슈 발생 가능성(전쟁),2449,34286000
중,김현주,임민수,틴트/컨실러,IWD,9IWD0080210,롬앤THE쥬시래스팅틴트#22도토리밤,2026-03-12,2026-04-25,2026-04-25,10000,10000,10000,ASAP,,,,중점관리품목,,2255,22550000
중,김현주,임민수,틴트/컨실러,IWD,9IWD0103810,롬앤THE쥬시래스팅틴트#30보늬밤,2026-03-12,2026-04-25,2026-04-25,5000,5000,5000,ASAP,,,,중점관리품목,,2255,11275000
상,김현주,임민수,립스틱_프론트,IWD,9IWD0025330,롬앤제로매트립스틱#2올댓재즈(믹스앤매치),2026-03-12,2026-04-25,2026-04-25,14000,14000,14000,ASAP,,,,중점관리품목,부자재 수급 이슈 발생 가능성(전쟁),2396,33544000
상,김현주,임민수,립스틱_프론트,IWD,9IWD0026030,롬앤제로매트립스틱(20)#9쉘누드(믹스앤매치),2026-03-12,2026-04-25,2026-04-25,7000,7000,7000,ASAP,,,,중점관리품목,부자재 수급 이슈 발생 가능성(전쟁),2396,16772000
상,김현주,임민수,립스틱_프론트,IWD,9IWD0026130,롬앤제로매트립스틱(20)#10핑크샌드(믹스앤매치),2026-03-12,2026-04-25,2026-04-25,7000,7000,7000,ASAP,,,,중점관리품목,부자재 수급 이슈 발생 가능성(전쟁),2396,16772000
상,김현주,임민수,립스틱_프론트,IWD,9IWD0046920,롬앤제로매트립스틱#22모브빈즈(믹스앤매치),2026-03-12,2026-04-25,2026-04-25,5000,5000,5000,ASAP,,,,중점관리품목,부자재 수급 이슈 발생 가능성(전쟁),2396,11980000
중,김현주,임민수,립글로즈,IWD,9IWD0007610,롬앤제로벨벳틴트06딥소울@,2026-03-12,2026-04-25,2026-04-25,4000,4000,4000,ASAP,,,,중점관리품목,,2255,9020000
중,김현주,임민수,립글로즈,IWD,9IWD0031510,롬앤제로벨벳틴트#21빌런베스트,2026-03-12,2026-04-25,2026-04-25,8000,8000,8000,ASAP,,,,중점관리품목,,2255,18040000
상,김현주,임민수,틴트/컨실러,IWD,9IWD0048812,롬앤듀이풀워터틴트#13커스터드모브(25캡변경/벌크리뉴얼),2026-03-03,2026-04-11,2026-04-11,15000,15000,15000,ASAP,,,,중점관리품목,부자재 수급 이슈 발생 가능성(전쟁),2402,36030000
상,김현주,임민수,마스카라,IWD,9IWD0033410,롬앤한올픽스마스카라#L01롱블랙@,2026-03-03,2026-04-11,2026-04-11,69000,69000,69000,ASAP,,,,중점관리품목,부자재 수급 이슈 발생 가능성(전쟁),2504,172776000
상,김현주,임민수,마스카라,IWD,9IWD0033510,롬앤한올픽스마스카라#V01볼륨블랙,2026-03-03,2026-04-11,2026-04-11,14000,14000,14000,ASAP,,,,중점관리품목,부자재 수급 이슈 발생 가능성(전쟁),2504,35056000
상,김현주,임민수,마스카라,IWD,9IWD0040210,롬앤한올픽스마스카라#L02롱애쉬,2026-03-03,2026-04-11,2026-04-11,30000,30000,30000,ASAP,,,,중점관리품목,부자재 수급 이슈 발생 가능성(전쟁),2504,75120000
상,김현주,임민수,마스카라,IWD,9IWD0040310,롬앤한올픽스마스카라#L03롱헤이즐,2026-03-03,2026-04-11,2026-04-11,8000,8000,8000,ASAP,,,,중점관리품목,부자재 수급 이슈 발생 가능성(전쟁),2498,19984000
상,김현주,임민수,파우더성형_일반,IWD,9IWD0064410,롬앤베러댄팔레트#09드리미라일락가든@●(색소변경),2026-03-03,2026-04-11,2026-04-11,5000,5000,5000,ASAP,,,,중점관리품목,부자재 수급 이슈 발생 가능성(전쟁),5855,29275000
상,김현주,임민수,파우더성형_일반,IWD,9IWD0064310,롬앤베러댄팔레트#08피치달리아가든@●(색소변경),2026-03-03,2026-04-11,2026-04-11,5000,5000,5000,ASAP,,,,중점관리품목,부자재 수급 이슈 발생 가능성(전쟁),5638,28190000
상,김현주,임민수,파우더성형_일반,IWD,9IWD0064210,롬앤베러댄팔레트#07베리푸시아가든@●(색소변경),2026-03-03,2026-04-11,2026-04-11,5000,5000,5000,ASAP,,,,중점관리품목,부자재 수급 이슈 발생 가능성(전쟁),5978,29890000
상,김현주,임민수,파우더성형_일반,IWD,9IWD0063510,롬앤베러댄팔레트#03로즈버드가든@●(색소변경),2026-03-03,2026-04-11,2026-04-11,9000,9000,9000,ASAP,,,,중점관리품목,부자재 수급 이슈 발생 가능성(전쟁),5815,52335000
상,김현주,임민수,파우더성형_일반,IWD,9IWD0032810,롬앤베러댄팔레트#01팜파스가든@●,2026-03-03,2026-04-11,2026-04-11,8000,8000,8000,ASAP,,,,중점관리품목,부자재 수급 이슈 발생 가능성(전쟁),5901,47208000
상,김현주,임민수,립글로즈,IWD,9IWD0041340,롬앤블러퍼지틴트#01포멜로코(믹스앤매치),2026-03-03,2026-04-11,2026-04-11,15000,15000,15000,ASAP,,,,중점관리품목,부자재 수급 이슈 발생 가능성(전쟁),2449,36735000
상,김현주,임민수,립글로즈,IWD,9IWD0041440,롬앤블러퍼지틴트#02로지엔탈(믹스앤매치),2026-03-03,2026-04-11,2026-04-11,40000,40000,40000,ASAP,,,,중점관리품목,부자재 수급 이슈 발생 가능성(전쟁),2449,97960000
상,김현주,임민수,립글로즈,IWD,9IWD0041540,롬앤블러퍼지틴트#03머스키(믹스앤매치),2026-03-03,2026-04-11,2026-04-11,22000,22000,22000,ASAP,,,,중점관리품목,부자재 수급 이슈 발생 가능성(전쟁),2449,53878000
상,김현주,임민수,립글로즈,IWD,9IWD0056310,롬앤블러퍼지틴트#12웜밍업(믹스앤매치),2026-03-03,2026-04-11,2026-04-11,15000,15000,15000,ASAP,,,,중점관리품목,부자재 수급 이슈 발생 가능성(전쟁),2449,36735000
상,김현주,임민수,파우더성형_일반,IWD,9IWD0069510,롬앤베러댄컨투어#1호뉴트럴웜,2026-03-03,2026-04-11,2026-04-11,5000,5000,5000,ASAP,,,,중점관리품목,부자재 수급 이슈 발생 가능성(전쟁),5567,27835000
상,김현주,임민수,파우더성형_일반,IWD,9IWD0069610,롬앤베러댄컨투어#2호그레이쿨,2026-03-03,2026-04-11,2026-04-11,8000,8000,8000,ASAP,,,,중점관리품목,부자재 수급 이슈 발생 가능성(전쟁),5567,44536000
상,김현주,임민수,파우더성형_일반,IWD,9IWD0062910,롬앤베러댄아이즈M02말린메밀꽃@(색소변경),2026-03-03,2026-04-11,2026-04-11,5000,5000,5000,ASAP,,,,중점관리품목,부자재 수급 이슈 발생 가능성(전쟁),3332,16660000
상,김현주,임민수,파우더성형_일반,IWD,9IWD0109110,롬앤베러댄팔레트#14토스트태니가든,2026-03-17,2026-04-26,2026-04-26,15000,15000,15000,ASAP,,,,중점관리품목,부자재 수급 이슈 발생 가능성(전쟁),6016,90240000
상,김현주,임민수,마스카라,IWD,9IWD0106110,롬앤한올브로우카라#11모카그레이(일본)(25),2026-03-16,2026-04-23,2026-04-23,12000,12000,12000,ASAP,,,,중점관리품목,부자재 수급 이슈 발생 가능성(전쟁),2200,26400000
상,김현주,임민수,마스카라,IWD,9IWD0124812,롬앤한올폭스래쉬마스카라(미국)#01딥블랙,2026-03-05,2026-04-15,2026-04-15,10080,10080,10080,ASAP,,,,중점관리품목,부자재 수급 이슈 발생 가능성(전쟁),2366,23849280
상,김현주,임민수,마스카라,IWD,9IWD0124912,롬앤한올폭스래쉬마스카라(미국)#02브라운블랙,2026-03-05,2026-04-15,2026-04-15,10080,10080,10080,ASAP,,,,중점관리품목,부자재 수급 이슈 발생 가능성(전쟁),2366,23849280
상,김현주,임민수,마스카라,IWD,9IWD0124612,롬앤한올마스카라리무버7G(미국),2026-03-05,2026-04-15,2026-04-15,10080,10080,10080,ASAP,,,,중점관리품목,부자재 수급 이슈 발생 가능성(전쟁),1548,15603840
상,김현주,임민수,마스카라,IWD,9IWD0125012,롬앤한올폭스래쉬마스카라(미국)#03커피브라운,2026-03-05,2026-04-15,2026-04-15,10080,10080,10080,ASAP,,,,중점관리품목,부자재 수급 이슈 발생 가능성(전쟁),2366,23849280
상,김현주,임민수,틴트/컨실러,IWD,9IWD0048812,롬앤듀이풀워터틴트#13커스터드모브(25캡변경/벌크리뉴얼),2026-03-09,2026-04-18,2026-04-18,10000,10000,10000,ASAP,,,,중점관리품목,부자재 수급 이슈 발생 가능성(전쟁),2402,24020000
상,김현주,임민수,파우더성형_일반,IWD,9IWD0064110,롬앤베러댄팔레트#06피오니누드가든@●(색소변경),2026-03-09,2026-04-18,2026-04-18,20000,20000,20000,ASAP,,,,중점관리품목,부자재 수급 이슈 발생 가능성(전쟁),5496,109920000
상,김현주,임민수,파우더성형_일반,IWD,9IWD0063910,롬앤베러댄팔레트#05쉐이드앤섀도우가든@●(색소변경),2026-03-09,2026-04-18,2026-04-18,14000,14000,14000,ASAP,,,,중점관리품목,부자재 수급 이슈 발생 가능성(전쟁),5155,72170000
상,김현주,임민수,파우더성형_일반,IWD,9IWD0063510,롬앤베러댄팔레트#03로즈버드가든@●(색소변경),2026-03-09,2026-04-18,2026-04-18,39000,39000,39000,ASAP,,,,중점관리품목,부자재 수급 이슈 발생 가능성(전쟁),5815,226785000
상,김현주,임민수,파우더성형_일반,IWD,9IWD0032810,롬앤베러댄팔레트#01팜파스가든@●,2026-03-09,2026-04-18,2026-04-18,5000,5000,5000,ASAP,,,,중점관리품목,부자재 수급 이슈 발생 가능성(전쟁),5901,29505000
상,김현주,임민수,파우더성형_일반,IWD,9IWD0030610,롬앤베러댄아이즈#N01말린버들꽃@,2026-03-09,2026-04-18,2026-04-18,5000,5000,5000,ASAP,,,,중점관리품목,부자재 수급 이슈 발생 가능성(전쟁),3280,16400000
상,김현주,임민수,파우더성형_일반,IWD,9IWD0062910,롬앤베러댄아이즈M02말린메밀꽃@(색소변경),2026-03-09,2026-04-18,2026-04-18,10000,10000,10000,ASAP,,,,중점관리품목,부자재 수급 이슈 발생 가능성(전쟁),3332,33320000
상,김현주,임민수,파우더성형_일반,IWD,9IWD0011330,롬앤베러댄아이즈#02말린장미(원료대체),2026-03-09,2026-04-18,2026-04-18,7000,7000,7000,ASAP,,,,중점관리품목,부자재 수급 이슈 발생 가능성(전쟁),3438,24066000
상,김현주,임민수,파우더성형_일반,IWD,9IWD0069610,롬앤베러댄컨투어#2호그레이쿨,2026-03-09,2026-04-18,2026-04-18,30000,30000,30000,ASAP,,,,중점관리품목,부자재 수급 이슈 발생 가능성(전쟁),5567,167010000
상,김현주,임민수,파우더성형_일반,IWD,9IWD0069510,롬앤베러댄컨투어#1호뉴트럴웜,2026-03-09,2026-04-18,2026-04-18,10000,10000,10000,ASAP,,,,중점관리품목,부자재 수급 이슈 발생 가능성(전쟁),5567,55670000
상,김현주,임민수,립글로즈,IWD,9IWD0056610,롬앤블러퍼지틴트#15베리피즈(믹스앤매치),2026-03-09,2026-04-18,2026-04-18,10000,10000,10000,ASAP,,,,중점관리품목,부자재 수급 이슈 발생 가능성(전쟁),2449,24490000
상,김현주,임민수,립글로즈,IWD,9IWD0056410,롬앤블러퍼지틴트#13쿨링업(믹스앤매치),2026-03-09,2026-04-18,2026-04-18,10000,10000,10000,ASAP,,,,중점관리품목,부자재 수급 이슈 발생 가능성(전쟁),2449,24490000
상,김현주,임민수,립글로즈,IWD,9IWD0043640,롬앤블러퍼지틴트#11푸시아바이브(믹스앤매치),2026-03-09,2026-04-18,2026-04-18,10000,10000,10000,ASAP,,,,중점관리품목,부자재 수급 이슈 발생 가능성(전쟁),2449,24490000
상,김현주,임민수,립글로즈,IWD,9IWD0042050,롬앤블러퍼지틴트#08커런트잼(믹스앤매치),2026-03-09,2026-04-18,2026-04-18,15000,15000,15000,ASAP,,,,중점관리품목,부자재 수급 이슈 발생 가능성(전쟁),2449,36735000
상,김현주,임민수,립글로즈,IWD,9IWD0041940,롬앤블러퍼지틴트#07쿨로즈업(믹스앤매치),2026-03-09,2026-04-18,2026-04-18,15000,15000,15000,ASAP,,,,중점관리품목,부자재 수급 이슈 발생 가능성(전쟁),2449,36735000
상,김현주,임민수,립글로즈,IWD,9IWD0041640,롬앤블러퍼지틴트#04라드우드(믹스앤매치),2026-03-09,2026-04-18,2026-04-18,50000,50000,50000,ASAP,,,,중점관리품목,부자재 수급 이슈 발생 가능성(전쟁),2449,122450000
상,김현주,임민수,파우더성형_일반,IWD,9IWD0048110,롬앤베러댄치크(리뉴얼)#W02스트로베리밀크,2026-03-09,2026-04-18,2026-04-18,8000,8000,8000,ASAP,,,,중점관리품목,부자재 수급 이슈 발생 가능성(전쟁),1843,14744000
상,김현주,임민수,파우더성형_일반,IWD,9IWD0047910,롬앤베러댄치크(리뉴얼)#C03피그칩,2026-03-09,2026-04-18,2026-04-18,7000,7000,7000,ASAP,,,,중점관리품목,부자재 수급 이슈 발생 가능성(전쟁),1681,11767000
상,김현주,임민수,파우더성형_일반,IWD,9IWD0047810,롬앤베러댄치크(리뉴얼)#C02블루베리칩,2026-03-09,2026-04-18,2026-04-18,6000,6000,6000,ASAP,,,,중점관리품목,부자재 수급 이슈 발생 가능성(전쟁),1681,10086000
상,김현주,임민수,파우더성형_일반,IWD,9IWD0047710,롬앤베러댄치크(리뉴얼)#C01피치칩,2026-03-09,2026-04-18,2026-04-18,5000,5000,5000,ASAP,,,,중점관리품목,부자재 수급 이슈 발생 가능성(전쟁),1681,8405000
상,김현주,임민수,립스틱_프론트,IWD,9IWD0046820,롬앤제로매트립스틱#21스모크드베이지(믹스앤매치),2026-03-09,2026-04-18,2026-04-18,15000,15000,15000,ASAP,,,,중점관리품목,부자재 수급 이슈 발생 가능성(전쟁),2396,35940000
상,김현주,임민수,마스카라,IWD,9IWD0105910,롬앤한올브로우카라#11모카그레이(국내)(25)(용기BNR),2026-03-09,2026-04-18,2026-04-18,8000,8000,8000,ASAP,,,,중점관리품목,부자재 수급 이슈 발생 가능성(전쟁),2151,17208000
상,김현주,임민수,스틱밤,IWD,9IWD0109510,롬앤한올아이팟라이너#02더스티로즈팟,2026-03-09,2026-04-18,2026-04-18,7000,7000,7000,ASAP,,,,중점관리품목,부자재 수급 이슈 발생 가능성(전쟁),3269,22883000
상,김현주,임민수,마스카라,IWD,9IWD0033510,롬앤한올픽스마스카라#V01볼륨블랙,2026-03-09,2026-04-18,2026-04-18,16000,16000,16000,ASAP,,,,중점관리품목,부자재 수급 이슈 발생 가능성(전쟁),2504,40064000
상,김현주,임민수,마스카라,IWD,9IWD0040210,롬앤한올픽스마스카라#L02롱애쉬,2026-03-09,2026-04-18,2026-04-18,9000,9000,9000,ASAP,,,,중점관리품목,부자재 수급 이슈 발생 가능성(전쟁),2504,22536000
중,김현주,임민수,틴트/컨실러,IWD,9IWD0104010,롬앤THE쥬시래스팅틴트(미니)#01여름무화과,2026-03-16,2026-04-25,2026-04-25,10030,10030,10030,ASAP,,,,중점관리품목,,2131,21373930
중,김현주,임민수,틴트/컨실러,IWD,9IWD0104110,롬앤THE쥬시래스팅틴트(미니)#02구아바베이지,2026-03-16,2026-04-25,2026-04-25,10030,10030,10030,ASAP,,,,중점관리품목,,2131,21373930
중,김현주,임민수,틴트/컨실러,IWD,9IWD0104310,롬앤THE쥬시래스팅틴트(미니)#05모닝사과,2026-03-16,2026-04-25,2026-04-25,10030,10030,10030,ASAP,,,,중점관리품목,,2131,21373930
중,김현주,임민수,틴트/컨실러,IWD,9IWD0104410,롬앤THE쥬시래스팅틴트(미니)#06복분자,2026-03-16,2026-04-25,2026-04-25,10030,10030,10030,ASAP,,,,중점관리품목,,2131,21373930
중,김현주,임민수,틴트/컨실러,IWD,9IWD0104610,롬앤THE쥬시래스팅틴트(미니)#08홍시,2026-03-16,2026-04-25,2026-04-25,10030,10030,10030,ASAP,,,,중점관리품목,,2131,21373930
상,김현주,임민수,파우더성형_일반,IWD,9IWD0034310,롬앤베러댄팔레트#0호라이트앤글리터가든(일본용)@●,2026-01-22,2026-03-02,2026-03-31,5000,5000,5000,ASAP,,,,중점관리품목,부자재 수급 이슈 발생 가능성(전쟁),7118,35590000
상,박진형,베승원,기초,DPD,9DPD0019210,아누아피디알엔히알루론산수분캡슐미스트30ML(AA001309),2025-12-12,2026-01-21,2026-03-01,170000,170000,4965,2026-04-01,,O,,중점관리품목,,2954,14666610
상,박진형,베승원,마스크시트,DPD,9DPD0010715,아누아아젤라익15세럼마스크130(7매/JTJPOFF/AA001630,2025-12-18,2026-01-23,2026-04-01,800002,800002,8722,2026-03-25,,O,,중점관리품목,,1557,13580154
상,김현주,임민수,에어쿠션,IWD,9IWD0125310,앤드바이롬앤롤케이크톤업쿠션10G(국내)#01밀크,2026-03-18,2026-05-15,2026-05-15,5100,5100,5100,,,,,중점관리품목,,2285,11653500
상,박진형,베승원,튜브,DPD,9DPD0011613,아누아피디알엔히알100수분크림60ML(US/ON/AMZ/AA000799),2026-03-17,2026-04-24,2026-04-24,70000,70000,70000,2026-04-17,,O,,중점관리품목,,3127,218890000
상,민예지,김현우,립글로즈,BAR,9BAR0020510,바람디어달리아페탈드롭리퀴드블러쉬#팬시(UH),2026-03-16,2026-04-23,2026-04-23,4000,4000,4000,2026-04-23,,O,2026-04-03,중점관리품목,,2840,11360000
상,민예지,김현우,립글로즈,BAR,9BAR0020610,바람디어달리아페탈드롭리퀴드블러쉬#써니(UH),2026-03-16,2026-04-23,2026-04-23,5000,5000,5000,2026-04-23,,O,2026-04-03,중점관리품목,,2840,14200000
상,민예지,김현우,립글로즈,BAR,9BAR0019410,바람디어달리아페탈드롭리퀴드블러쉬#샤이,2026-03-16,2026-04-23,2026-04-23,26000,26000,26000,2026-04-23,,O,,중점관리품목,,2840,73840000
상,민예지,김현우,립글로즈,BAR,9BAR0019610,바람디어달리아페탈드롭리퀴드블러쉬#레이지,2026-03-16,2026-04-23,2026-04-23,25000,25000,25000,2026-04-23,,O,,중점관리품목,,2840,71000000
상,민예지,김현우,틴트/컨실러,BAR,9BAR0015210,바람디어달리아페탈드롭리퀴드블러쉬#플레쉬,2026-03-16,2026-04-23,2026-04-23,13000,13000,13000,2026-04-23,,O,2026-04-07,중점관리품목,,3054,39702000
상,민예지,김현우,틴트/컨실러,BAR,9BAR0015310,바람디어달리아페탈드롭리퀴드블러쉬#소프티,2026-03-16,2026-04-23,2026-04-23,5000,5000,5000,2026-04-23,,O,2026-04-07,중점관리품목,,2840,14200000
중,백승윤,임민수,기초,HDP,9HDP0004010,현대약품마이녹셀스칼프인텐시브샴푸960ML[UW],2026-02-03,2026-04-24,2026-05-30,50000,50000,50000,2026-04-22,,O,3/26~30,중점관리품목,,7753,387650000
중,이승현,배지혜,튜브,JGD,9JGD0002512,종근당건강CKD레티노콜라겐저분자300괄사목주름크림50ML(리필),2026-02-26,2026-04-24,2026-04-24,10000,10000,10000,2026-04-17,,X,,중점관리품목,종근당 자체 미생물 +5일,2426,24260000
중,이승현,배지혜,기초,JGD,9JGD0001810,종근당건강CKD레티노콜라겐저분자300콜라겐펌핑앰플30ML◈,2026-03-11,2026-05-06,2026-04-30,10000,10000,10000,2026-04-23,,X,,중점관리품목,종근당 자체 미생물 +5일,3736,37360000
상,민예지,김현우,틴트/컨실러,BAR,9BAR0012910,바람디어달리아페탈드롭리퀴드블러쉬#퓨리티,2026-03-16,2026-04-23,2026-04-23,8000,8000,8000,2026-04-23,,O,2026-04-07,중점관리품목,,3384,27072000
상,민예지,김현우,틴트/컨실러,BAR,9BAR0012310,바람디어달리아페탈드롭리퀴드블러쉬#무디,2026-03-16,2026-04-23,2026-04-23,10000,10000,10000,2026-04-23,,O,2026-04-07,중점관리품목,,2840,28400000
상,민예지,김현우,틴트/컨실러,BAR,9BAR0011910,바람디어달리아페탈드롭리퀴드블러쉬#베어리,2026-03-16,2026-04-23,2026-04-23,40000,40000,40000,2026-04-23,,O,,중점관리품목,,2840,113600000
상,민예지,김현우,틴트/컨실러,BAR,9BAR0012010,바람디어달리아페탈드롭리퀴드블러쉬#태피,2026-03-16,2026-04-23,2026-04-23,6000,6000,6000,2026-04-23,,O,2026-04-07,중점관리품목,,2840,17040000
상,민예지,김현우,틴트/컨실러,BAR,9BAR0012210,바람디어달리아페탈드롭리퀴드블러쉬#글로리,2026-03-16,2026-04-23,2026-04-23,7500,7500,7500,2026-04-23,,O,2026-04-07,중점관리품목,,2840,21300000
상,김선영,심민아,튜브,MDH,9MDH0009812,메디힐마데카소사이드수분선세럼흔적리페어50G(V2),2026-03-12,2026-05-15,2026-04-01,120000,120000,120000,4만개 ~4/2  8만개 ~4/16,2026-03-25,O,,중점관리품목,,2285,274200000
중,김선영,심민아,기초,MDH,9MDH0021210,마데카소사이드흔적리페어세럼40ML특별기획(*2KBONC다이노스),2026-02-11,2026-04-10,2026-04-10,1900,3800,1900,2026-04-09,,O,2026-03-27,중점관리품목,,4000,7600000
중,김선영,심민아,기초,MDH,9MDH0021610,마데카소사이드흔적리페어세럼40ML특별기획(*2KBO두산베어스),2026-02-11,2026-04-10,2026-04-10,9000,18000,9000,2026-04-09,,O,2026-03-27,중점관리품목,,4000,36000000
중,김선영,심민아,기초,MDH,9MDH0021510,마데카소사이드흔적리페어세럼40ML특별기획(*2KBO삼성라이온즈),2026-02-11,2026-04-10,2026-04-10,10500,21000,10500,2026-04-09,,O,2026-03-27,중점관리품목,,4000,42000000
중,김선영,심민아,기초,MDH,9MDH0021410,마데카소사이드흔적리페어세럼40ML특별기획(*2KBOSSG랜더스),2026-02-11,2026-04-10,2026-04-10,5200,10400,5200,2026-04-09,,O,2026-03-27,중점관리품목,,4000,20800000
중,김선영,심민아,기초,MDH,9MDH0021810,마데카소사이드흔적리페어세럼40ML특별기획(*2KBOKIA타이거즈),2026-02-11,2026-04-10,2026-04-10,12200,24400,12200,2026-04-09,,O,2026-03-27,중점관리품목,,4000,48800000
중,김선영,심민아,기초,MDH,9MDH0021110,마데카소사이드흔적리페어세럼40ML특별기획(*2KBOKT위즈),2026-02-11,2026-04-10,2026-04-10,1900,3800,1900,2026-04-09,,O,2026-03-27,중점관리품목,,4000,7600000
중,김선영,심민아,기초,MDH,9MDH0021010,마데카소사이드흔적리페어세럼40ML특별기획(*2KBO롯데자이언츠,2026-02-11,2026-04-10,2026-04-10,12200,24400,12200,2026-04-09,,O,2026-03-27,중점관리품목,,4000,48800000
중,김선영,심민아,기초,MDH,9MDH0021710,마데카소사이드흔적리페어세럼40ML특별기획(*2KBO한화이글스),2026-02-11,2026-04-10,2026-04-10,12200,24400,12200,2026-04-09,,O,2026-03-27,중점관리품목,,4000,48800000
중,김선영,심민아,기초,MDH,9MDH0021310,마데카소사이드흔적리페어세럼40ML특별기획(*2KBO키움히어로즈),2026-02-11,2026-04-10,2026-04-10,1400,2800,1400,2026-04-09,,O,2026-03-27,중점관리품목,,4000,5600000
상,김선영,심민아,튜브,MDH,9MDH0020110,메디힐마데카소사이드수분선세럼흔적리페어50G(KBO/KIA타이거즈),2026-02-11,2026-04-10,2026-04-10,12500,12500,12500,2026-04-09,,O,3/31~4/2,중점관리품목,,2570,32125000
상,김선영,심민아,튜브,MDH,9MDH0020210,메디힐마데카소사이드수분선세럼흔적리페어50G(KBO/한화이글스),2026-02-11,2026-04-10,2026-04-10,13000,13000,13000,2026-04-09,,O,3/31~4/2,중점관리품목,,2570,33410000
상,김선영,심민아,튜브,MDH,9MDH0020310,메디힐마데카소사이드수분선세럼흔적리페어50G(KBO/롯데자이언츠),2026-02-11,2026-04-10,2026-04-10,13000,13000,13000,2026-04-09,,O,3/31~4/2,중점관리품목,,2570,33410000
상,김선영,심민아,튜브,MDH,9MDH0020410,메디힐마데카소사이드수분선세럼흔적리페어50G(KBO/두산베어스),2026-02-11,2026-04-10,2026-04-10,8000,8000,8000,2026-04-09,,O,3/31~4/2,중점관리품목,,2570,20560000
상,김선영,심민아,튜브,MDH,9MDH0020510,메디힐마데카소사이드수분선세럼흔적리페어50G(KBO/삼성라이온즈),2026-02-11,2026-04-10,2026-04-10,11000,11000,11000,2026-04-09,,O,3/31~4/2,중점관리품목,,2570,28270000
상,김선영,심민아,튜브,MDH,9MDH0020610,메디힐마데카소사이드수분선세럼흔적리페어50G(KBO/SSG랜더스),2026-02-11,2026-04-10,2026-04-10,4000,4000,4000,2026-04-09,,O,3/31~4/2,중점관리품목,,2570,10280000
상,김선영,심민아,튜브,MDH,9MDH0020710,메디힐마데카소사이드수분선세럼흔적리페어50G(KBO/키움히어로즈),2026-02-11,2026-04-10,2026-04-10,1500,1500,1500,2026-04-09,,O,3/31~4/2,중점관리품목,,2570,3855000
상,김선영,심민아,튜브,MDH,9MDH0020810,메디힐마데카소사이드수분선세럼흔적리페어50G(KBO/NC다이노스),2026-02-11,2026-04-10,2026-04-10,1500,1500,1500,2026-04-09,,O,3/31~4/2,중점관리품목,,2570,3855000
상,김선영,심민아,튜브,MDH,9MDH0020910,메디힐마데카소사이드수분선세럼흔적리페어50G(KBO/KT위즈),2026-02-11,2026-04-10,2026-04-10,1500,1500,1500,2026-04-09,,O,3/31~4/2,중점관리품목,,2570,3855000
상,김선영,심민아,스틱밤,MDH,9MDH0020010,메디힐마데카소사이드선스틱에어리핏10G특별기획(KBO/NC다이노스),2026-02-11,2026-04-10,2026-04-10,700,700,700,2026-04-09,,O,2026-04-01,중점관리품목,,2964,2074800
상,김선영,심민아,스틱밤,MDH,9MDH0019910,메디힐마데카소사이드선스틱에어리핏10G특별기획(KBO/두산베어스),2026-02-11,2026-04-10,2026-04-10,2300,2300,2300,2026-04-09,,O,2026-04-01,중점관리품목,,2964,6817200
상,김선영,심민아,스틱밤,MDH,9MDH0019810,메디힐마데카소사이드선스틱에어리핏10G특별기획(KBO/삼성라이온즈),2026-02-11,2026-04-10,2026-04-10,3500,3500,3500,2026-04-09,,O,2026-04-01,중점관리품목,,2964,10374000
상,김선영,심민아,스틱밤,MDH,9MDH0019710,메디힐마데카소사이드선스틱에어리핏10G특별기획(KBO/키움히어로즈),2026-02-11,2026-04-10,2026-04-10,700,700,700,2026-04-09,,O,2026-04-01,중점관리품목,,2964,2074800
상,김선영,심민아,스틱밤,MDH,9MDH0019610,메디힐마데카소사이드선스틱에어리핏10G특별기획(KBO/SSG랜더스),2026-02-11,2026-04-10,2026-04-10,1400,1400,1400,2026-04-09,,O,2026-04-01,중점관리품목,,2964,4149600
상,김선영,심민아,스틱밤,MDH,9MDH0019510,메디힐마데카소사이드선스틱에어리핏10G특별기획(KBO/KIA타이거즈),2026-02-11,2026-04-10,2026-04-10,4000,4000,4000,2026-04-09,,O,2026-04-01,중점관리품목,,2964,11856000
상,김선영,심민아,스틱밤,MDH,9MDH0019410,메디힐마데카소사이드선스틱에어리핏10G특별기획(KBO/KT위즈),2026-02-11,2026-04-10,2026-04-10,700,700,700,2026-04-09,,O,2026-04-01,중점관리품목,,2964,2074800
상,김선영,심민아,스틱밤,MDH,9MDH0019310,메디힐마데카소사이드선스틱에어리핏10G특별기획(KBO/롯데자이언츠),2026-02-11,2026-04-10,2026-04-10,4500,4500,4500,2026-04-09,,O,2026-04-01,중점관리품목,,2964,13338000
상,김선영,심민아,스틱밤,MDH,9MDH0019210,메디힐마데카소사이드선스틱에어리핏10G특별기획(KBO/한화이글스),2026-02-11,2026-04-10,2026-04-10,4500,4500,4500,2026-04-09,,O,2026-04-01,중점관리품목,,2964,13338000
중,백승윤,이진희,튜브,SKP,9SKP0010221,11번가싸이닉엔조이슈퍼마일드선에센스기획세트(리뉴얼)(1+1),2026-02-12,2026-03-17,2026-03-17,20000,40000,10000,2026-04-03,,O,완료,중점관리품목,,4574,45740000
중,백승윤,이진희,튜브,SKP,9SKP0010020,11번가싸이닉엔조이슈퍼마일드선에센스50ML,2026-02-27,2026-04-01,2026-04-30,20000,20000,20000,2026-04-07,,O,,중점관리품목,,2174,43480000
중,백승윤,이진희,튜브,SKP,9SKP0010020,11번가싸이닉엔조이슈퍼마일드선에센스50ML,2026-01-20,2026-02-26,2026-03-31,50000,50000,20173,2026-04-07,,O,완료,중점관리품목,,2174,43856102
중,백승윤,사급,기초,IDH,9IDH0013710,아이디플라코스메틱아이디엑소브이플러스앰플50ML(캄포대체/수출),2026-03-04,2026-04-10,2026-04-10,5000,5000,5000,2026-04-08,2026-03-27,O,2026-04-01,중점관리품목,,2284,11420000
중,김덕일,임민수,튜브,CSL,9CSL0091010,씨엠에스랩아쿠아티카쿨링썬스크린35ML(조앤프렌즈더블키링기획CFSC0294,2026-01-26,2026-04-03,2026-04-03,57681,57681,57681,3만개 4.15일  잔량 4월말,3/30~4/10,O,3/23~24,중점관리품목,사급반제품 3월 말~4월 2주차,3500,201883500
중,김덕일,임민수,튜브,CSL,9CSL0090510,씨엠에스랩잡티토닝썬스크린35ML(조앤프렌즈기획/일본)(CFSC0286),2026-01-26,2026-04-03,2026-04-03,10200,10200,10200,2026-04-10,2026-03-30,O,2026-03-24,중점관리품목,사급반제품 3월말,1500,15300000
중,김덕일,임민수,튜브,CSL,9CSL0090610,씨엠에스랩잡티토닝썬스크린35ML(조앤프렌즈더블기획+캡키링)CFSC0287,2026-01-26,2026-04-03,2026-04-03,54417,54417,54417,3만개 4.15일  잔량 4월말,3/30~4/10,O,2026-03-24,중점관리품목,사급반제품 3월 말~4월 2주차,3500,190459500
중,김덕일,임민수,튜브,CSL,9CSL0090910,씨엠에스랩아쿠아티카쿨링썬스크린35ML(조앤프렌즈기획/일본)CFSC0293,2026-01-26,2026-04-03,2026-04-03,15504,15504,15504,2026-04-10,2026-03-30,O,3/23~24,중점관리품목,사급반제품 3월말,3500,54264000
상,김덕일,임민수,튜브,CSL,9CSL0083210,셀퓨전씨아쿠아티카유브이디펜스썬스크린50ML(OTC)(CFSC0223),2026-02-27,2026-04-17,2026-04-30,5000,5000,5000,2026-04-22,,X,,중점관리품목,4월내 출고,2545,12725000
상,김덕일,임민수,스틱밤(고온),CSL,9CSL0084410,씨엠에스랩셀퓨전씨에어리스틱썬스크린19G(OTC)(CFSC0225),2026-02-27,2026-04-17,2026-04-30,10000,10000,10000,2026-04-22,,X,,중점관리품목,4월내 출고,3146,31460000
중,김선영,지소연,기초,ZTS,9ZTS0042210,궁중비책베이비워터풀선로션플러스60G(중국),2026-03-11,2026-04-30,2026-04-30,100000,100000,100000,2026-04-29,,X,,중점관리품목,,3108,310800000
중,백승윤,임민수,기초,HDP,9HDP0002710,현대약품마이녹셀스칼프인텐시브샴푸400ML[UW],2026-01-20,2026-03-25,2026-03-31,150000,150000,150000,2026-04-08,,O,2026-03-24,중점관리품목,,3980,597000000
중,백승윤,임민수,기초,HDP,9HDP0003910,현대약품마이녹셀스칼프인텐시브앰플60ML,2026-01-20,2026-03-25,2026-03-31,150000,150000,150000,2026-04-03,,O,2026-03-24,중점관리품목,,3400,510000000
중,백승윤,임민수,기초,HDP,9HDP0001110,현대약품마이녹셀프레스티지스칼프샴푸480ML,2026-01-20,2026-03-25,2026-03-31,100000,100000,86032,2026-04-08,,O,2026-03-24,중점관리품목,,4781,411318992
상,박진형,베승원,마스크시트,DPD,9DPD0016310,아누아복숭아70나이아신세럼마스크25ML(OY/1매/AA001046),2026-02-10,2026-04-02,2026-04-02,80000,16000,80000,2026-03-26,,O,,중점관리품목,,357,28560000
상,박진형,베승원,마스크시트,DPD,9DPD0016410,아누아복숭아70나이아신세럼마스크25ML(OY/6매/AA001048),2026-02-10,2026-04-02,2026-04-02,15000,18000,15000,2026-03-26,,O,,중점관리품목,,2346,35190000
상,박진형,베승원,기초,DPD,9DPD0019116,아누아피디알엔히알루론산수분캡슐미스트100ML(리뉴얼/날개/AA001308,2026-02-10,2026-04-02,2026-03-23,20000,20000,20000,2026-04-01,,O,,중점관리품목,,3922,78440000
상,김현석,박수정,아이패치,CSB,9CSB0001812,코스베이직바이오던스콜라겐펩타이드아이패치(유럽/BDCEM030SAEU1A,2026-02-12,2026-04-24,2026-04-24,148000,148000,148000,2026-04-21,,O,,중점관리품목,비티아이 capa 확보요청,3520,520960000
상,김현석,박수정,아이패치,CSB,9CSB0001912,코스베이직바이오던스캐비어피디알엔아이패치(유럽/BDPEM030SAEU1A,2026-02-12,2026-04-24,2026-04-24,103600,103600,103600,2026-04-21,,O,,중점관리품목,비티아이 capa 확보요청,3520,364672000
상,김현석,박수정,아이패치,CSB,9CSB0001815,코스베이직콜라겐펩타이드아이패치(글로벌/BDCEM030SAFR1A)(JAR,2026-02-12,2026-04-24,2026-04-24,228000,228000,199500,2026-04-21,,O,,중점관리품목,비티아이 capa 확보요청,2000,399000000
상,김현석,박수정,아이패치,CSB,9CSB0001915,코스베이직캐비어피디알엔아이패치(글로벌/BDPEM030SAFR1A)(JAR,2026-02-12,2026-04-24,2026-04-24,159600,159600,139680,2026-04-21,,O,,중점관리품목,비티아이 capa 확보요청,2000,279360000
상,김현석,박수정,아이패치,CSB,9CSB0001813,코스베이직콜라겐펩타이드아이패치(일본/BDCEM030SBJP2A),2026-03-06,2026-05-05,2026-05-05,11040,11040,11040,2026-04-27,,X,,중점관리품목,비티아이 capa 확보요청,2000,22080000
상,김현석,박수정,아이패치,CSB,9CSB0001913,코스베이직바이오던스캐비어피디알엔아이패치(일본/BDPEM030SBJP2A,2026-03-06,2026-05-05,2026-05-05,11040,11040,11040,2026-04-27,,X,,중점관리품목,비티아이 capa 확보요청,2000,22080000
중,김세윤,배지혜,기초,TSP,9TSP0013310,더스킨팩토리오브제바이쿤달바디워시&로션30ML(미니어처),2026-02-27,2026-04-17,2026-04-17,20000,40000,20000,2026-04-15,,O,2026-04-01,중점관리품목,,4736,94720000
중,김세윤,배지혜,견본_파우치,TSP,9TSP0013610,쿤달모이스트글림바디워시/실키글림바디로션7ML샤셰#상탈로즈,2026-03-03,2026-04-17,2026-04-17,93000,,93000,2026-04-15,,O,2026-04-01,중점관리품목,,240,22320000
중,김세윤,배지혜,캔,TSP,9TSP0013410,더스킨팩토리쿤달드라이샴푸볼륨&컬#허밍릴리150ML,2026-02-27,2026-04-20,2026-04-20,10000,10000,10000,2026-04-15,,O,,중점관리품목,,2754,27540000
중,김세윤,배지혜,캔,TSP,9TSP0013510,더스킨팩토리쿤달드라이샴푸쿨링#레몬버베나150ML,2026-02-27,2026-04-20,2026-04-20,10000,10000,10000,2026-04-15,,O,,중점관리품목,,2754,27540000
중,김세윤,배지혜,기초,TSP,9TSP0013710,더스킨팩토리오브제바이쿤달모이스트글림바디워시어웨이큰플로우450ML(일반외주,2026-03-04,2026-04-17,2026-04-17,5000,5000,5000,2026-04-10,,O,,중점관리품목,,2182,10910000
중,김세윤,배지혜,기초,TSP,9TSP0011910,더스킨팩토리오브제바이쿤달모이스트글림바디워시상탈로즈450ML(미주유럽),2026-02-11,2026-04-10,2026-04-10,10000,10000,10000,2026-04-10,,O,,중점관리품목,,3941,39410000
중,김세윤,배지혜,기초,TSP,9TSP0012010,더스킨팩토리오브제바이쿤달모이스트글림바디워시글로잉오차드450ML(미주유럽),2026-02-11,2026-04-10,2026-04-10,10000,10000,10000,2026-04-10,,O,,중점관리품목,,3941,39410000
중,김세윤,배지혜,기초,TSP,9TSP0012110,더스킨팩토리오브제바이쿤달모이스트글림바디워시네이키드크림450ML(미주유럽),2026-02-11,2026-04-10,2026-04-10,5000,5000,5000,2026-04-10,,O,,중점관리품목,,3941,19705000
중,김세윤,배지혜,기초,TSP,9TSP0012210,더스킨팩토리오브제바이쿤달모이스트글림바디워시린넨워터450ML(미주유럽),2026-02-11,2026-04-10,2026-04-10,5000,5000,5000,2026-04-10,,O,,중점관리품목,,3941,19705000
중,김세윤,배지혜,기초,TSP,9TSP0012310,더스킨팩토리오브제바이쿤달실키글림바디로션글로잉오차드470ML(미주유럽),2026-02-11,2026-04-10,2026-04-10,5000,5000,5000,2026-04-10,,O,,중점관리품목,,3941,19705000
중,김세윤,배지혜,기초,TSP,9TSP0012410,더스킨팩토리오브제바이쿤달실키글림바디로션네이키드크림470ML(미주유럽),2026-02-11,2026-04-10,2026-04-10,5000,5000,5000,2026-04-10,,O,,중점관리품목,,3941,19705000
중,김세윤,배지혜,기초,TSP,9TSP0012510,더스킨팩토리오브제바이쿤달실키글림바디로션린넨워터470ML(미주유럽),2026-02-11,2026-04-10,2026-04-10,5000,5000,5000,2026-04-10,,O,,중점관리품목,,3941,19705000
중,김세윤,배지혜,기초,TSP,9TSP0012610,더스킨팩토리오브제바이쿤달실키글림바디로션상탈로즈470ML(미주유럽),2026-02-11,2026-04-10,2026-04-10,10000,10000,10000,2026-04-10,,O,,중점관리품목,,3941,39410000
중,김세윤,배지혜,스틱밤,TSP,9TSP0012710,더스킨팩토리오브제바이쿤달솔리드퍼퓸밤#로즈페탈2.5G(미주유럽),2026-02-11,2026-04-10,2026-04-10,5000,5000,5000,2026-04-17,,O,,중점관리품목,,3464,17320000
중,김세윤,배지혜,스틱밤,TSP,9TSP0012810,더스킨팩토리오브제바이쿤달솔리드퍼퓸밤#스테이우드2.5G(미주유럽),2026-02-11,2026-04-10,2026-04-10,5000,5000,5000,2026-04-17,,O,,중점관리품목,,3464,17320000
중,김세윤,배지혜,스틱밤,TSP,9TSP0012910,더스킨팩토리오브제바이쿤달솔리드퍼퓸밤#그린바이화이트티2.5G(미주유럽),2026-02-11,2026-04-10,2026-04-10,5000,5000,5000,2026-04-17,,O,,중점관리품목,,3464,17320000
중,김세윤,배지혜,스틱밤,TSP,9TSP0013010,더스킨팩토리오브제바이쿤달솔리드퍼퓸밤#네이키드크림2.5G(미주유럽),2026-02-11,2026-04-10,2026-04-10,5000,5000,5000,2026-04-17,,O,,중점관리품목,,3464,17320000
중,김세윤,배지혜,기초,TSP,9TSP0011310,더스킨팩토리쿤달쉬어글로우선스크린50ML SPF50(OTC),2026-02-03,2026-04-17,2026-04-17,9000,9000,9000,2026-04-17,,O,,중점관리품목,,2632,23688000
중,김세윤,배지혜,스틱밤,TSP,9TSP0011510,더스킨팩토리쿤달크리스탈클리어선스크린스틱18.5G(OTC),2026-02-03,2026-04-17,2026-04-17,9000,9000,9000,2026-04-17,,O,,중점관리품목,,4387,39483000
상,김세윤,배지혜,기초,TSP,9TSP0008410,더스킨팩토리오브제바이쿤달모이스트글림바디워시상탈로즈450ML(일반외주),2026-03-11,2026-05-08,2026-05-08,5000,5000,5000,2026-04-30,,O,,중점관리품목,,2064,10320000
상,김세윤,배지혜,기초,TSP,9TSP0008910,더스킨팩토리오브제바이쿤달실키글림바디로션글로잉오차드470ML(일반외주),2026-03-11,2026-05-08,2026-05-08,5000,5000,5000,2026-04-30,,O,,중점관리품목,,2050,10250000
상,김세윤,배지혜,기초,TSP,9TSP0008610,더스킨팩토리오브제바이쿤달모이스트글림바디워시린넨워터450ML(일반외주),2026-03-11,2026-05-08,2026-05-08,5000,5000,5000,2026-04-30,,O,,중점관리품목,,2064,10320000
상,김세윤,배지혜,기초,TSP,9TSP0009110,더스킨팩토리오브제바이쿤달실키글림바디로션린넨워터470ML(일반외주),2026-03-11,2026-05-08,2026-05-08,5000,5000,5000,2026-04-30,,O,,중점관리품목,,2050,10250000
중,김세윤,배지혜,기초,TSP,9TSP0008510,더스킨팩토리오브제바이쿤달모이스트글림바디워시네이키드크림450ML(일반외주),2026-02-24,2026-04-20,2026-04-20,5000,5000,5000,2026-04-20,,O,,중점관리품목,,2064,10320000
중,김세윤,배지혜,기초,TSP,9TSP0009010,더스킨팩토리오브제바이쿤달실키글림바디로션네이키드크림470ML(일반외주),2026-02-24,2026-04-20,2026-04-20,5000,5000,5000,2026-04-20,,O,,중점관리품목,,2050,10250000
중,김세윤,배지혜,기초,TSP,9TSP0009110,더스킨팩토리오브제바이쿤달실키글림바디로션린넨워터470ML(일반외주),2026-02-24,2026-04-20,2026-04-20,5000,5000,5000,2026-04-20,,O,,중점관리품목,,2050,10250000
중,김세윤,배지혜,기초,TSP,9TSP0008610,더스킨팩토리오브제바이쿤달모이스트글림바디워시린넨워터450ML(일반외주),2026-02-24,2026-04-20,2026-04-20,5000,5000,5000,2026-04-20,,O,,중점관리품목,,2064,10320000
중,김세윤,배지혜,기초,TSP,9TSP0008410,더스킨팩토리오브제바이쿤달모이스트글림바디워시상탈로즈450ML(일반외주),2026-02-24,2026-04-20,2026-04-20,10000,10000,10000,2026-04-20,,O,,중점관리품목,,2064,20640000
중,김세윤,배지혜,기초,TSP,9TSP0009210,더스킨팩토리오브제바이쿤달실키글림바디로션상탈로즈470ML(일반외주),2026-02-24,2026-04-20,2026-04-20,10000,10000,10000,2026-04-20,,O,,중점관리품목,,2050,20500000
중,김세윤,배지혜,기초,TSP,9TSP0013810,더스킨팩토리오브제바이쿤달모이스트글림바디로션어웨이큰플로우470ML,2026-03-04,2026-04-17,2026-04-17,5000,5000,5000,2026-04-15,,O,,중점관리품목,,2182,10910000
상,최윤호,전영환,립글로즈,OLV,9OLV1123010,올리브영컬러그램탕후루딥글레이즈기획#10(+메타몽스티커)(포켓몬),2026-02-10,2026-03-31,2026-04-24,18000,18000,18000,2026-04-06,,O,,중점관리품목,자재일정 확인 필요,2000,36000000
상,최윤호,전영환,립글로즈,OLV,9OLV1122910,올리브영컬러그램탕후루딥글레이즈기획#04(+메타몽스티커)(포켓몬),2026-02-10,2026-03-31,2026-04-24,18000,18000,18000,2026-04-06,,O,,중점관리품목,자재일정 확인 필요,2000,36000000
상,최윤호,전영환,립글로즈,OLV,9OLV1122810,올리브영컬러그램탕후루딥글레이즈기획#03(+메타몽스티커)(포켓몬),2026-02-10,2026-03-31,2026-04-24,22000,22000,22000,2026-04-06,,O,,중점관리품목,자재일정 확인 필요,2000,44000000
상,최윤호,전영환,립글로즈,OLV,9OLV1123110,올리브영컬러그램탕후루딥글레이즈기획#11(+메타몽스티커)(포켓몬),2026-02-10,2026-03-31,2026-04-24,22000,22000,22000,2026-04-06,,O,,중점관리품목,자재일정 확인 필요,2000,44000000
중,최윤호,전영환,캔,OLV,9OLV1035812,올리브영바이오힐보판테셀리페어시카크림미스트120ML(위생허가)(25),2026-02-10,2026-04-17,2026-04-17,200000,200000,200000,2026-04-17,,O,,중점관리품목,자재 단축 필요 (캔),3246,649200000
상,최윤호,전영환,기초,OLV,9OLV1070311,바이오힐보프로바이오덤리프팅크림50ML더블기획(일본코스트코)(26AD),2026-02-06,2026-04-01,2026-04-01,6000,12000,6000,2026-04-01,,O,,중점관리품목,단종원료건 확인중,8423,50538000
상,민예지,이민성,마스카라,DZK,9DZK0053710,데이지크프로슬림브로우카라#01다크그레이,2026-03-10,2026-04-10,2026-04-10,5000,5000,5000,2026-04-24,,O,2026-04-13,중점관리품목,,2479,12395000
상,민예지,이민성,마스카라,DZK,9DZK0053810,데이지크프로슬림브로우카라#02애쉬브라운,2026-03-10,2026-04-13,2026-04-13,5000,5000,5000,2026-04-24,,O,2026-04-13,중점관리품목,,2479,12395000
상,민예지,이민성,마스카라,DZK,9DZK0053910,데이지크프로슬림브로우카라#03뮤티드브라운,2026-03-10,2026-04-15,2026-04-15,5000,5000,5000,2026-04-24,,O,2026-04-13,중점관리품목,,2479,12395000
상,민예지,이민성,마스카라,DZK,9DZK0054010,데이지크프로슬림브로우카라#04모카브라운,2026-03-10,2026-04-10,2026-04-10,5000,5000,5000,2026-04-24,,O,2026-04-13,중점관리품목,,2479,12395000
상,민예지,이민성,마스카라,DZK,9DZK0054110,데이지크프로슬림브로우카라#05베이비브라운,2026-03-10,2026-04-15,2026-04-15,5000,5000,5000,2026-04-24,,O,2026-04-13,중점관리품목,,2479,12395000
중,최윤호,전영환,스틱밤,OLV,9OLV1106210,올리브영라운드어라운드센티드모이스처라이징립밤#제주감귤(트리플기획),2026-03-05,2026-04-10,2026-04-10,5000,15000,5000,2026-04-10,,O,2026-03-27,중점관리품목,자재일정 확인 필요,5937,29685000
중,최윤호,전영환,기초,OLV,9OLV1104310,(비건)브링그린티트리시카수딩토너500ML(미스트공용기100ML증정/네이버,2026-02-27,2026-04-10,2026-04-10,10000,10000,10000,2026-04-10,,O,2026-03-24,중점관리품목,자재단축 필요,5613,56130000
중,최윤호,전영환,기초,OLV,9OLV1079210,올리브영바이오힐보판테셀리페어시카크림미스트30ML(트리오기획),2026-02-09,2026-04-05,2026-04-05,5000,15000,5000,2026-04-05,,O,,중점관리품목,자재 단축 필요,5578,27890000
중,이대건,사급,튜브,BEK,9BEK0012610,화이트펄세이션아이디얼액트리스백스테이지크림2라벤더30ML(리뉴얼),2026-02-09,2026-04-03,2026-04-03,8000,8000,8000,2026-03-30,사급,O,2026-03-23,중점관리품목,,1490,11920000
하,김덕일,사급,기초,WAT,9WAT0010910,닥터포헤어폴리젠씨크닝스칼프세럼50ML포켓몬기획(+100/OY/A박킹),2026-02-26,2026-04-20,2026-04-20,25000,25000,25000,2026-04-20,2026-03-20,O,2026-04-03,중점관리품목,,2754,68850000
하,김덕일,사급,기초,WAT,9WAT0011010,닥터포헤어폴리젠씨크닝스칼프세럼50ML포켓몬기획(+100/OY/C박킹),2026-02-26,2026-04-20,2026-04-20,5000,5000,5000,2026-04-20,2026-03-20,O,2026-04-03,중점관리품목,,2754,13770000
중,이대건,사급,립글로즈,TNM,9TNM0195610,토니모리퍼펙트립스쇼킹립#S03애플쇼킹(포켓몬),2026-02-06,2026-04-07,2026-04-07,8100,8100,8100,2026-04-02,사급,O,2026-03-24,중점관리품목,,780,6318000
상,이대건,사급,립글로즈,TNM,9TNM0195710,토니모리퍼펙트립스쇼킹립#S06핑크뮤쇼킹(포켓몬),2026-02-06,2026-04-07,2026-04-07,13100,13100,13100,2026-03-31,사급,O,2026-03-23,중점관리품목,,780,10218000
중,이대건,사급,립글로즈,TNM,9TNM0195510,토니모리퍼펙트립스쇼킹립#N13애프리콧쇼킹(포켓몬),2026-02-06,2026-04-07,2026-04-07,6100,6100,6100,2026-04-02,사급,O,2026-03-24,중점관리품목,,780,4758000
중,이대건,사급,립글로즈,TNM,9TNM0195410,토니모리퍼펙트립스쇼킹립#N12페어리쇼킹(포켓몬),2026-02-06,2026-04-07,2026-04-07,7100,7100,7100,2026-04-02,사급,O,2026-03-24,중점관리품목,,780,5538000
중,이대건,사급,립글로즈,TNM,9TNM0195310,토니모리퍼펙트립스쇼킹립#N10모브쇼킹(포켓몬),2026-02-06,2026-04-07,2026-04-07,8100,8100,8100,2026-04-02,사급,O,2026-03-24,중점관리품목,,780,6318000
중,이대건,사급,립글로즈,TNM,9TNM0195210,토니모리퍼펙트립스쇼킹립#N08로즈쇼킹(포켓몬),2026-02-06,2026-04-07,2026-04-07,8100,8100,8100,2026-04-02,사급,O,2026-03-24,중점관리품목,,780,6318000
상,이대건,사급,스틱밤,TNM,9TNM0179111,토니모리백젤아이라이너(인도/베트남)#01블랙[UW],2026-02-23,2026-04-10,2026-06-30,58000,58000,58000,2026-03-25,사급,O,3/18~,중점관리품목,벌크오제조(고객사보상폐기진행중),807,46806000
상,이대건,사급,스틱밤,TNM,9TNM0179211,토니모리백젤아이라이너(인도/베트남)#02브라운,2026-02-23,2026-04-10,2026-06-30,35000,35000,35000,2026-03-30,사급,O,3/18~,중점관리품목,고객사 재고부족,736,25760000
상,이대건,김현우/사급,기초,CRV,9SKC0001110,스킨천사마다가스카르센텔라테카수딩토너210ML(KR),2026-03-11,2026-04-10,2026-04-10,180000,180000,180000,2026-04-06,자/사급,O,문의중,중점관리품목,집중처,2948,530640000
상,이대건,김현우/사급,기초,CRV,9SKC0000910,스킨천사마다가스카르센텔라테카앰플50ML(KR),2026-03-11,2026-04-10,2026-04-10,260000,260000,260000,2026-04-06,자/사급,O,문의중,중점관리품목,집중처,2572,668720000
상,이대건,김현우/사급,기초,CRV,9SKC0000910,스킨천사마다가스카르센텔라테카앰플50ML(KR),2026-03-05,2026-03-20,2026-04-09,100000,100000,100000,2026-03-30,자/사급,O,3/17~20,중점관리품목,집중처,2572,257200000
상,이대건,김현우/사급,기초,CRV,9SKC0001110,스킨천사마다가스카르센텔라테카수딩토너210ML(KR),2026-03-05,2026-03-20,2026-04-09,100000,100000,100000,2026-03-30,자/사급,O,3/17~20,중점관리품목,집중처,2948,294800000
상,최윤호,전영환,튜브,OLV,9OLV1122210,올리브영컬러그램탕후루립세럼#02백복숭아기획(+키링/메타몽스티커)(포켓몬),2026-02-06,2026-03-31,2026-04-24,25000,25000,25000,2026-04-10,,O,,중점관리품목,자재일정 확인 필요,2000,50000000
상,최윤호,전영환,튜브,OLV,9OLV1122310,올리브영컬러그램탕후루립세럼#04버니딸기기획(+키링/메타몽스티커)(포켓몬),2026-02-06,2026-03-31,2026-04-24,25000,25000,25000,2026-04-10,,O,,중점관리품목,자재일정 확인 필요,2000,50000000
상,최윤호,전영환,튜브,OLV,9OLV1122410,올리브영컬러그램탕후루립세럼#08말랑베이지기획(+키링/메타몽스티커)(포켓몬,2026-02-06,2026-03-31,2026-04-24,23000,23000,23000,2026-04-10,,O,,중점관리품목,자재일정 확인 필요,2000,46000000
상,최윤호,전영환,튜브,OLV,9OLV1122510,올리브영컬러그램탕후루립세럼#09말랑포동기획(+키링/메타몽스티커)(포켓몬),2026-02-06,2026-03-31,2026-04-24,23000,23000,23000,2026-04-10,,O,,중점관리품목,자재일정 확인 필요,2000,46000000
중,최윤호,전영환,기초,OLV,9OLV1051910,올리브영바이오힐보판테셀트라이얼키트,2026-02-06,2026-04-01,2026-04-01,10000,,10000,2026-04-03,,O,2026-04-02,중점관리품목,자재 단축 필요,2841,28410000
중,최윤호,전영환,립스틱_프론트,OLV,9OLV1106510,올리브영웨이크메이크헬시글로우밤스틱#17오리엔탈리치(TBD),2026-03-04,2026-04-15,2026-04-15,5000,5000,5000,2026-04-15,,O,,중점관리품목,자재일정 확인 필요,2795,13975000
중,최윤호,전영환,립스틱_프론트,OLV,9OLV1106410,올리브영웨이크메이크헬시글로우밤스틱#16오리엔탈루비(TBD),2026-03-04,2026-04-15,2026-04-15,5000,5000,5000,2026-04-15,,O,,중점관리품목,자재일정 확인 필요,2795,13975000
중,민예지,김현우,파우더성형_일반,MEM,9MEM0044214,미미박스카자뷰티벤또#03 토스티드캬라멜(25)(US),2026-03-04,2026-05-04,2026-05-04,3000,3000,3000,2026-04-15,,O,,중점관리품목,,4491,13473000
중,민예지,김현우,파우더성형_습식,MEM,9MEM0858110,미미박스카자뷰티벤또#크림브륄레(EXP착인),2026-03-04,2026-04-20,2026-04-20,5300,5300,5300,2026-04-16,,O,,중점관리품목,,4522,23966600
중,민예지,김현우,파우더성형_일반,MEM,9MEM0067812,미미박스카자뷰티벤또#13벨벳드림(US/GB)(25)(EXP미착인),2026-03-04,2026-04-20,2026-04-20,700,700,700,2026-04-15,,O,,중점관리품목,,4223,2956100
중,민예지,김현우,파우더성형_일반,MEM,9MEM0856910,미미박스카자뷰티벤또#17모브부케(25)(US/GB),2026-03-04,2026-05-01,2026-05-01,3000,3000,3000,2026-04-22,,O,,중점관리품목,,4654,13962000
중,민예지,김현우,파우더성형_일반,MEM,9MEM0067811,미미박스카자뷰티벤또#13벨벳드림(US/GB)(25),2026-03-04,2026-04-20,2026-04-20,2300,2300,2300,2026-04-15,,O,,중점관리품목,,4223,9712900
중,민예지,김현우,파우더성형_일반,MEM,9MEM0082312,미미박스카자뷰티벤또#타로버블티(25)(EXP착인),2026-03-04,2026-05-01,2026-05-01,2400,2400,2400,2026-04-03,,O,,중점관리품목,,4491,10778400
중,민예지,김현우,파우더성형_일반,MEM,9MEM0856610,미미박스카자뷰티벤또#16피치마들렌(25)(US/GB),2026-03-04,2026-05-01,2026-05-01,3000,3000,3000,2026-04-15,,O,,중점관리품목,,4491,13473000
중,민예지,김현우,파우더성형_일반,MEM,9MEM0077311,미미박스카자뷰티벤또#18코랄선라이즈(25),2026-03-04,2026-05-01,2026-05-01,3000,3000,3000,2026-04-22,,O,,중점관리품목,,4985,14955000
중,민예지,김현우,파우더성형_일반,MEM,9MEM0858410,미미박스카자뷰티벤또#차이라떼헤이즈(EXP착인),2026-03-04,2026-04-23,2026-04-20,5300,5300,5300,2026-04-17,,O,,중점관리품목,,4321,22901300
상,김현석,지소연,튜브,GEN,9GEN0047710,고운세상닥터지약산성레드블레미쉬클리어수딩폼150ML(24)(미품),2026-03-11,2026-04-28,2026-04-28,31800,31800,31800,2026-04-24,,X,5일내,중점관리품목,,1899,60388200
상,김현석,지소연,튜브,GEN,9GEN0049610,고운세상닥터지약산성레드블레미쉬클리어수딩폼75ML(미품),2026-03-11,2026-04-28,2026-04-28,11800,11800,11800,2026-04-24,,X,5일내,중점관리품목,,1215,14337000
중,민예지,김현우,파우더성형_일반,MEM,9MEM0861910,미미박스카자뷰티벤또#블루베리빙수(EXP미착인),2026-03-16,2026-05-13,2026-05-13,4429,4429,4429,2026-04-15,,O,,중점관리품목,,4491,19890639
중,민예지,김현우,파우더성형_일반,MEM,9MEM0861610,미미박스카자뷰티벤또#콜드브루아인슈페너(25)(EXP미착인),2026-03-16,2026-05-13,2026-05-13,4532,4532,4532,2026-04-22,,O,,중점관리품목,,4491,20353212
중,민예지,김현우,파우더성형_일반,MEM,9MEM0858411,미미박스카자뷰티벤또#차이라떼헤이즈(EXP미착인),2026-03-12,2026-05-13,2026-05-13,4326,4326,4326,2026-04-17,,O,,중점관리품목,,4321,18692646
중,민예지,김현우,파우더성형_습식,MEM,9MEM0858111,미미박스카자뷰티벤또#크림브륄레(EXP미착인),2026-03-12,2026-05-13,2026-05-13,4223,4223,4223,2026-04-16,,O,,중점관리품목,,4522,19096406
중,민예지,김현우,파우더성형_일반,MEM,9MEM0082313,미미박스카자뷰티벤또#타로버블티(EXP미착인),2026-03-16,2026-05-01,2026-05-01,600,600,600,2026-04-03,,O,,중점관리품목,,4491,2694600
상,김현석,지소연,튜브,GEN,9GEN0033710,고운세상닥터지약산성레드블레미쉬클리어수딩폼150ML(24R1),2026-03-17,2026-04-28,2026-04-28,10000,10000,10000,2026-04-24,,X,5일내,중점관리품목,,2254,22540000
중,민예지,김현우,파우더성형_일반,MEM,9MEM0860810,미미박스카자뷰티벤또#19포레스트나이트(26),2026-03-11,2026-04-20,2026-04-20,2300,2300,2300,2026-04-15,,O,,중점관리품목,,4491,10329300
중,민예지,김현우,파우더성형_일반,MEM,9MEM0860910,미미박스카자뷰티벤또#19포레스트나이트(26)(EXP미착인),2026-03-11,2026-04-20,2026-04-20,700,700,700,2026-04-15,,O,,중점관리품목,,4491,3143700
상,김현석,지소연,튜브,GEN,9GEN0051510,고운세상닥터지브라이트닝업선플러스50ML(26/일본/메가와리)*사양미정,2026-02-10,2026-04-30,2026-04-30,3500,3500,3500,2026-04-24,,O,2026-04-20,중점관리품목,,2600,9100000
상,김덕일,김현우,겔마스크,JLC,9JLC0008610,제이엘씨링클덤더마픽스퍼펙트리얼퍼포먼스리얼콜라겐(8매)(위생허가),2026-03-16,2026-05-15,2026-05-15,7700,61600,7700,2026-04-30,,O,,중점관리품목,겔마스크,6654,51235800
상,김덕일,김현우,겔마스크,JLC,9JLC0008710,제이엘씨링클덤더마픽스퍼펙트리얼퍼포먼스비타콜라겐(8매)(위생허가),2026-03-16,2026-05-15,2026-05-15,5000,40000,5000,2026-04-30,,O,,중점관리품목,겔마스크,6544,32720000
상,김덕일,김현우,겔마스크,JLC,9JLC0008810,제이엘씨링클덤더마픽스퍼펙트리얼퍼포먼스시카콜라겐(8매)(위생허가),2026-03-16,2026-05-15,2026-05-15,3000,24000,3000,2026-04-30,,O,,중점관리품목,겔마스크,7965,23895000
상,김덕일,김현우,겔마스크,JLC,9JLC0008910,제이엘씨링클덤더마픽스퍼펙트리얼퍼포먼스히알콜라겐(8매)(위생허가),2026-03-16,2026-05-15,2026-05-15,3000,24000,3000,2026-04-30,,O,,중점관리품목,겔마스크,7348,22044000
중,김세윤,사급,기초,BSO,9BSO0003910,본투스탠드아웃엑스트레익스트림50ML#퍼플스테인*사양/개입수미정,2026-02-24,2026-04-17,2026-04-17,1798,1798,1798,2026-04-23,2026-03-31,O,2026-04-14,중점관리품목,,1435,2580130
중,백승윤,임민수,캔,SNT,9SNT0012710,쏘내추럴파우더포룸올데이타이트메이크업세팅픽서75ML(국내),2026-01-15,2026-02-27,2026-04-27,500000,500000,201080,2026-04-30,,O,매주 20T,중점관리품목,,2159,434131720
중,백승윤,임민수,캔,SNT,9SNT0011810,쏘내추럴파우더포룸올데이타이트메이크업세팅픽서120ML(국내),2026-02-13,2026-04-03,2026-05-01,400000,400000,400000,2026-04-30,,O,매주 20T,중점관리품목,,2406,962400000
중,백승윤,임민수,캔,SNT,9SNT0015110,쏘내추럴파우더포룸올데이타이트메이크업세팅픽서75ML(중국),2026-01-06,2026-01-30,2026-03-31,200000,200000,106760,2026-04-30,,O,매주 20T,중점관리품목,,2159,230494840
중,백승윤,지소연,파우더성형_소성,TDK,9TDK0036210,투쿨포스쿨베일드컨투어#시나몬몰트(본품),2026-02-10,2026-04-03,2026-04-03,6000,6000,6000,2026-04-08,,O,2026-03-26,중점관리품목,,2640,15840000
중,백승윤,지소연,파우더성형_소성,TDK,9TDK0036410,투쿨포스쿨베일드컨투어#헤이즐(본품),2026-02-10,2026-04-03,2026-04-03,7000,7000,7000,2026-04-08,,O,2026-03-26,중점관리품목,,2640,18480000
중,김현석,심민아,기초,DKP,9DKP0039610,동국제약센텔리안24마이크로스타톡세럼50ML(V2),2026-02-26,2026-04-24,2026-05-01,30000,30000,30000,2026-04-23,,O,,중점관리품목,,3124,93720000
상,민예지,박수정,기초,CBK,9CBK1001010,AHC프로샷온리포맨노세범트러블올인원에센스200ML,2026-03-03,2026-04-13,2026-04-13,10000,10000,10000,2026-04-09,,O,,중점관리품목,,2102,21020000
상,민예지,박수정,기초,CBK,9CBK1000910,AHC프로샷온리포맨노세범트러블올인원에센스기획세트(올리브영),2026-03-03,2026-04-13,2026-04-13,10000,20000,10000,2026-04-09,,O,,중점관리품목,,2102,21020000
상,민예지,박수정,기초,CBK,9CBK1000810,에이에이치씨온리포맨안티에이징버블올인원에센스100ML*실용량미정,2026-03-10,2026-04-30,2026-04-30,5000,5000,5000,2026-04-27,,O,,중점관리품목,,2831,14155000
중,민예지,박수정,스틱밤,CBK,9CBK1000710,AHC 마스터즈에어리치선스틱더블기획세트(OY)(포켓몬),2026-02-09,2026-05-07,2026-05-07,41000,41000,41000,2026-04-16,,O,매주 화 1.2t씩 제조,중점관리품목,,7476,306516000
하,정태수,지소연,견본_파우치,AKY,9AKY0036410,애경산업AGE20'S스킨퍼스트에그이븐프렙에센스1ML(3열샤쉐)*실용량/사,2026-03-11,2026-04-28,2026-04-28,156000,,156000,2026-04-21,,X,,중점관리품목,,200,31200000
하,정태수,지소연,기초,AKY,9AKY0035710,AGE20'S스킨퍼스트에그이븐프렙에센스30ML#말차베이지(5028357,2026-03-11,2026-04-28,2026-04-28,10280,10280,10280,2026-04-21,,X,,중점관리품목,,2285,23489800
하,정태수,지소연,기초,AKY,9AKY0035510,AGE20'S스킨퍼스트에그이븐프렙에센스30ML#로지바닐라(5028358,2026-03-11,2026-04-28,2026-04-28,10380,10380,10380,2026-04-21,,X,,중점관리품목,,2285,23718300
하,정태수,지소연,기초,AKY,9AKY0035610,AGE20'S스킨퍼스트에그이븐프렙에센스30ML#모브포슬린(5028356,2026-03-11,2026-04-28,2026-04-28,13640,13640,13640,2026-04-21,,X,,중점관리품목,,2285,31167400
상,김현석,사급,기초,BOS,9BOS0005312,부스터스이퀄베리비타민일루미네이팅크림50ML(R2),2026-03-06,2026-04-17,2026-04-17,200000,200000,200000,2026-04-15,2026-03-27,O,4/1~8,중점관리품목,내부생산 요청,2020,404000000
상,김현석,사급,기초,BOS,9BOS0005611,부스터스이퀄베리엔에이디플러스펩타이드부스팅크림50ML(R1),2026-03-12,2026-04-27,2026-04-27,400000,400000,400000,2026-04-24,2026-04-02,O,,중점관리품목,내부생산 요청,2004,801600000
상,이대건,이진희,립글로즈,LCS,9LCS0045410,라카퍼펙트트윈립#903누드오드(일본)(테스터),2026-03-04,2026-04-01,2026-05-01,5000,5000,5000,2026-04-02,,O,확인중,중점관리품목,신제품/매출 중요 건로 마케터와 함께 진행,2139,10695000
상,이대건,이진희,립글로즈,LCS,9LCS0045510,라카퍼펙트트윈립#904시티핑크(일본)(테스터),2026-03-04,2026-04-01,2026-05-01,5000,5000,5000,2026-04-02,,O,확인중,중점관리품목,신제품/매출 중요 건로 마케터와 함께 진행,2139,10695000
상,이대건,이진희,립글로즈,LCS,9LCS0045310,라카퍼펙트트윈립#902비지코랄(일본)(테스터),2026-03-04,2026-04-01,2026-05-01,5000,5000,5000,2026-04-02,,O,확인중,중점관리품목,신제품/매출 중요 건로 마케터와 함께 진행,2139,10695000
상,이대건,이진희,립글로즈,LCS,9LCS0046110,라카퍼펙트트윈립#910보스체리(일본)(테스터),2026-03-04,2026-04-01,2026-05-01,5000,5000,5000,2026-04-02,,O,확인중,중점관리품목,신제품/매출 중요 건로 마케터와 함께 진행,2139,10695000
상,이대건,이진희,립글로즈,LCS,9LCS0045210,라카퍼펙트트윈립#901트루피치(일본)(테스터),2026-03-04,2026-04-01,2026-05-01,5000,5000,5000,2026-04-02,,O,확인중,중점관리품목,신제품/매출 중요 건로 마케터와 함께 진행,2139,10695000
상,이대건,이진희,립글로즈,LCS,9LCS0046010,라카퍼펙트트윈립#909길티모브(일본)(테스터),2026-03-04,2026-04-01,2026-05-01,5000,5000,5000,2026-04-02,,O,확인중,중점관리품목,신제품/매출 중요 건로 마케터와 함께 진행,2139,10695000
상,이대건,이진희,립글로즈,LCS,9LCS0045910,라카퍼펙트트윈립#908인카페인(일본)(테스터),2026-03-04,2026-04-01,2026-05-01,5000,5000,5000,2026-04-02,,O,확인중,중점관리품목,신제품/매출 중요 건로 마케터와 함께 진행,2139,10695000
상,이대건,이진희,립글로즈,LCS,9LCS0045810,라카퍼펙트트윈립#907젠틀로즈(일본)(테스터),2026-03-04,2026-04-01,2026-05-01,5000,5000,5000,2026-04-02,,O,확인중,중점관리품목,신제품/매출 중요 건로 마케터와 함께 진행,2139,10695000
상,이대건,이진희,립글로즈,LCS,9LCS0045710,라카퍼펙트트윈립#906솔티피그(일본)(테스터),2026-03-04,2026-04-01,2026-05-01,5000,5000,5000,2026-04-02,,O,확인중,중점관리품목,신제품/매출 중요 건로 마케터와 함께 진행,2139,10695000
상,이대건,이진희,립글로즈,LCS,9LCS0045610,라카퍼펙트트윈립#905로지하이(일본)(테스터),2026-03-04,2026-04-01,2026-05-01,5000,5000,5000,2026-04-02,,O,확인중,중점관리품목,신제품/매출 중요 건로 마케터와 함께 진행,2139,10695000
상,이대건,이진희,립글로즈,LCS,9LCS0041110,라카맥시글레이어틴트미니#622쓰루(국내),2026-01-28,2026-04-02,2026-04-02,5150,5150,5150,2026-04-07,,O,2026-03-18,중점관리품목,,1500,7725000
상,이대건,이진희,립글로즈,LCS,9LCS0041010,라카맥시글레이어틴트미니#621코어(국내),2026-01-28,2026-04-02,2026-04-02,5150,5150,5150,2026-04-07,,O,2026-03-18,중점관리품목,,1500,7725000
상,이대건,이진희,립글로즈,LCS,9LCS0040910,라카맥시글레이어틴트미니#620템포(국내),2026-01-28,2026-04-02,2026-04-02,5150,5150,5150,2026-04-03,,O,2026-03-24,중점관리품목,,1500,7725000
상,이대건,이진희,립글로즈,LCS,9LCS0040810,라카맥시글레이어틴트미니#615스킵(국내),2026-01-28,2026-04-02,2026-04-02,5150,5150,5150,2026-04-03,,O,2026-03-24,중점관리품목,,1500,7725000
상,이대건,이진희,립글로즈,LCS,9LCS0040510,라카맥시글레이어틴트미니#608위스퍼(국내),2026-01-28,2026-04-02,2026-04-02,5150,5150,5150,2026-04-03,,O,2026-03-24,중점관리품목,,1500,7725000
상,이대건,이진희,립글로즈,LCS,9LCS0040410,라카맥시글레이어틴트미니#606미닝(국내),2026-01-28,2026-04-02,2026-04-02,5150,5150,5150,2026-04-03,,O,2026-03-24,중점관리품목,,1500,7725000
상,이대건,이진희,립글로즈,LCS,9LCS0040310,라카맥시글레이어틴트미니#604미스티(국내),2026-01-28,2026-04-02,2026-04-02,5150,5150,5150,2026-04-03,,O,2026-03-23,중점관리품목,,1500,7725000
상,이대건,이진희,립글로즈,LCS,9LCS0040710,라카맥시글레이어틴트미니#613피크(국내),2026-01-28,2026-04-02,2026-03-31,5150,5150,5150,2026-03-27,,O,2026-03-23,중점관리품목,,1500,7725000
상,이대건,이진희,립글로즈,LCS,9LCS0040610,라카맥시글레이어틴트미니#611온리(국내),2026-01-28,2026-04-02,2026-03-31,5150,5150,5150,2026-04-03,,O,2026-03-23,중점관리품목,,1500,7725000
상,이대건,이진희,립글로즈,LCS,9LCS0040210,라카맥시글레이어틴트미니#602버니(국내),2026-01-28,2026-04-02,2026-03-31,5150,5150,5150,2026-03-27,,O,2026-03-18,중점관리품목,,1500,7725000
상,이대건,이진희,립글로즈,LCS,9LCS0042910,라카맥시글레이어틴트미니#620템포(일본),2026-01-29,2026-03-13,2026-03-13,20000,20000,20000,2026-03-27,,O,완료,중점관리품목,자재 입고3/27 5천 4/3 잔량,1500,30000000
상,이대건,이진희,립글로즈,LCS,9LCS0042810,라카맥시글레이어틴트미니#619포징(일본),2026-01-29,2026-03-13,2026-03-13,20000,20000,20000,2026-03-27,,O,완료,중점관리품목,,1500,30000000
상,이대건,이진희,립글로즈,LCS,9LCS0042710,라카맥시글레이어틴트미니#618체이스(일본),2026-01-29,2026-03-13,2026-03-13,10000,10000,10000,2026-03-27,,O,완료,중점관리품목,,1500,15000000
상,이대건,이진희,립글로즈,LCS,9LCS0042610,라카맥시글레이어틴트미니#617그레인(일본),2026-01-29,2026-03-13,2026-03-13,10000,10000,10000,2026-03-27,,O,완료,중점관리품목,,1500,15000000
상,이대건,이진희,립글로즈,LCS,9LCS0042510,라카맥시글레이어틴트미니#615스킵(일본),2026-01-29,2026-03-13,2026-03-13,10000,10000,10000,2026-03-27,,O,완료,중점관리품목,자재 입고3/27 5천 4/3 잔량,1500,15000000
상,이대건,이진희,립글로즈,LCS,9LCS0042410,라카맥시글레이어틴트미니#614레이디(일본),2026-01-29,2026-03-13,2026-03-13,10000,10000,10000,2026-03-27,,O,완료,중점관리품목,,1500,15000000
상,이대건,이진희,립글로즈,LCS,9LCS0042310,라카맥시글레이어틴트미니#613피크(일본),2026-01-29,2026-03-13,2026-03-13,20000,20000,20000,2026-03-27,,O,완료,중점관리품목,,1500,30000000
상,이대건,이진희,립글로즈,LCS,9LCS0042210,라카맥시글레이어틴트미니#612컨투어(일본),2026-01-29,2026-03-13,2026-03-13,10000,10000,10000,2026-03-27,,O,완료,중점관리품목,,1500,15000000
상,이대건,이진희,립글로즈,LCS,9LCS0042110,라카맥시글레이어틴트미니#611온리(일본),2026-01-29,2026-03-13,2026-03-13,20000,20000,20000,2026-03-27,,O,완료,중점관리품목,,1500,30000000
상,이대건,이진희,립글로즈,LCS,9LCS0042010,라카맥시글레이어틴트미니#608위스퍼(일본),2026-01-29,2026-03-13,2026-03-13,20000,20000,20000,2026-03-27,,O,완료,중점관리품목,자재 입고3/27 5천 4/3 잔량,1500,30000000
상,이대건,이진희,립글로즈,LCS,9LCS0041910,라카맥시글레이어틴트미니#607카야(일본),2026-01-29,2026-03-13,2026-03-13,20000,20000,20000,2026-03-27,,O,완료,중점관리품목,,1500,30000000
상,이대건,이진희,립글로즈,LCS,9LCS0041810,라카맥시글레이어틴트미니#606미닝(일본),2026-01-29,2026-03-13,2026-03-13,20000,20000,20000,2026-03-27,,O,완료,중점관리품목,자재 입고3/27 5천 4/3 잔량,1500,30000000
상,이대건,이진희,립글로즈,LCS,9LCS0041710,라카맥시글레이어틴트미니#604미스티(일본),2026-01-29,2026-03-13,2026-03-13,20000,20000,20000,2026-03-27,,O,완료,중점관리품목,자재 입고3/27 5천 4/3 잔량,1500,30000000
상,이대건,이진희,립글로즈,LCS,9LCS0041610,라카맥시글레이어틴트미니#603비비(일본),2026-01-29,2026-03-13,2026-03-13,20000,20000,20000,2026-03-27,,O,완료,중점관리품목,,1500,30000000
상,이대건,이진희,립글로즈,LCS,9LCS0041510,라카맥시글레이어틴트미니#602버니(일본),2026-01-29,2026-03-13,2026-03-13,20000,20000,20000,2026-03-27,,O, 완료,중점관리품목,,1500,30000000
상,이대건,이진희,립글로즈,LCS,9LCS0044210,라카퍼펙트트윈립#901트루피치(일본),2026-02-13,2026-04-03,2026-05-01,30000,60000,30000,2026-03-26,,O,확인중,중점관리품목,신제품/매출 중요 건로 마케터와 함께 진행,3300,99000000
상,이대건,이진희,립글로즈,LCS,9LCS0044310,라카퍼펙트트윈립#902비지코랄(일본),2026-02-13,2026-04-03,2026-05-01,30000,60000,30000,2026-03-26,,O,확인중,중점관리품목,신제품/매출 중요 건로 마케터와 함께 진행,3300,99000000
상,이대건,이진희,립글로즈,LCS,9LCS0044410,라카퍼펙트트윈립#903누드오드(일본),2026-02-13,2026-04-03,2026-05-01,30000,60000,30000,2026-03-26,,O,확인중,중점관리품목,신제품/매출 중요 건로 마케터와 함께 진행,3300,99000000
상,이대건,이진희,립글로즈,LCS,9LCS0044510,라카퍼펙트트윈립#904시티핑크(일본),2026-02-13,2026-04-03,2026-05-01,30000,60000,30000,2026-03-26,,O,확인중,중점관리품목,신제품/매출 중요 건로 마케터와 함께 진행,3300,99000000
상,이대건,이진희,립글로즈,LCS,9LCS0044610,라카퍼펙트트윈립#905로지하이(일본),2026-02-13,2026-04-03,2026-05-01,30000,60000,30000,2026-03-26,,O,확인중,중점관리품목,신제품/매출 중요 건로 마케터와 함께 진행,3300,99000000
상,이대건,이진희,립글로즈,LCS,9LCS0044710,라카퍼펙트트윈립#906솔티피그(일본),2026-02-13,2026-04-03,2026-05-01,30000,60000,30000,2026-03-26,,O,확인중,중점관리품목,신제품/매출 중요 건로 마케터와 함께 진행,3300,99000000
상,이대건,이진희,립글로즈,LCS,9LCS0044810,라카퍼펙트트윈립#907젠틀로즈(일본),2026-02-13,2026-04-03,2026-05-01,30000,60000,30000,2026-03-26,,O,확인중,중점관리품목,신제품/매출 중요 건로 마케터와 함께 진행,3300,99000000
상,이대건,이진희,립글로즈,LCS,9LCS0044910,라카퍼펙트트윈립#908인카페인(일본),2026-02-13,2026-04-03,2026-05-01,30000,60000,30000,2026-03-26,,O,확인중,중점관리품목,신제품/매출 중요 건로 마케터와 함께 진행,3300,99000000
상,이대건,이진희,립글로즈,LCS,9LCS0045110,라카퍼펙트트윈립#910보스체리(일본),2026-02-13,2026-04-03,2026-05-01,30000,60000,30000,2026-03-26,,O,확인중,중점관리품목,신제품/매출 중요 건로 마케터와 함께 진행,3300,99000000
상,이대건,이진희,립글로즈,LCS,9LCS0045010,라카퍼펙트트윈립#909길티모브(일본),2026-02-13,2026-04-03,2026-05-01,30000,60000,30000,2026-03-26,,O,확인중,중점관리품목,신제품/매출 중요 건로 마케터와 함께 진행,3300,99000000
중,최윤호,전영환,튜브,OLV,9OLV1075110,올리브영식물나라가벼운수분선젤60ML더블기획(1+1),2025-12-30,2026-04-13,2026-04-13,30000,60000,30000,2026-04-10,,O,2026-03-25,중점관리품목,시스킨 생산,4660,139800000
중,최윤호,전영환,튜브,OLV,9OLV1075010,올리브영식물나라가벼운수분선젤60ML,2025-12-30,2026-04-13,2026-04-13,8000,8000,8000,2026-04-10,,O,2026-03-25,중점관리품목,시스킨 생산,2438,19504000
상,민예지,김현우,틴트/컨실러,BAR,9BAR0015410,바람디어달리아페탈드롭리퀴드블러쉬#헤이지,2026-03-16,2026-04-23,2026-04-23,3000,3000,3000,2026-04-23,,O,2026-04-06,중점관리품목,,2840,8520000
상,민예지,김현우,틴트/컨실러,BAR,9BAR0013010,바람디어달리아페탈드롭리퀴드블러쉬#딜라잇,2026-03-16,2026-04-23,2026-04-23,3000,3000,3000,2026-04-23,,O,2026-04-01,중점관리품목,,3384,10152000
중,조경수,김현우,튜브,CHA,9CHA0001811,창앤컴퍼니브리오뎀안티헤어로스&댄드러프스칼프샴푸200ML(수출),2025-09-11,2026-01-15,2026-03-01,3500,3500,3500,2026-04-24,,X,,중점관리품목,,3000,10500000
중,조경수,김현우,튜브,CHA,9CHA0001911,창앤컴퍼니브리오뎀안티헤어로스&댄드러프스칼프컨디셔너150ML(수출),2025-09-11,2026-03-01,2026-03-01,3500,3500,3500,2026-04-24,,X,,중점관리품목,,3000,10500000
중,김선영,이진희,튜브,HMS,9HMS0004410,한미사이언스프로캄판테놀립에센스12G(22)(팔탄),2025-12-18,2026-04-22,2026-04-22,36800,36800,36800,2026-04-06,완료,O,2026-03-27,중점관리품목,,1576,57996800
중,김선영,이진희,튜브,HMS,9HMS0004411,한미사이언스프로캄판테놀립에센스12G(22)(진위),2025-12-18,2026-04-22,2026-04-22,4240,4240,4240,2026-04-06,완료,O,2026-03-27,중점관리품목,,1576,6682240
하,김덕일,심민아,튜브,CSA,9CSA0038910,CSA코스믹원더바스약산성PHA클렌징폼130ML,2025-11-26,2026-02-05,2026-04-01,20600,20600,20600,2026-04-10,,O,,중점관리품목,,1819,37471400
상,김선영,심민아,파우더성형_일반,JSM,9JSM0102910,정샘물아티스트아이팔레트코어#베일누드,2026-02-12,2026-03-28,2026-04-01,7000,7000,7000,2026-04-07,2026-03-25,O,3/23~3/25,중점관리품목,신제품,7000,49000000
상,김선영,심민아,파우더성형_일반,JSM,9JSM0102710,정샘물아티스트아이팔레트코어#오렌지브라운,2026-02-12,2026-03-28,2026-04-01,7000,7000,7000,2026-04-07,2026-03-25,O,3/23~3/25,중점관리품목,신제품,7000,49000000
중,김덕일,배승원,마스크시트,DNC,9DNC0047710,디엔코스메틱스이지듀베리어리페어마스크(4매),2026-03-04,2026-04-24,2026-04-14,5000,4000,5000,2026-04-14,,O,,중점관리품목,,1738,8690000
상,김덕일,배승원,기초,DNC,9DNC0071610,디엔코스메틱스이지듀이지에프엑스다운타임앰플포스트스킨부스터10ML,2026-03-11,2026-03-31,2026-04-01,5000,5000,5000,2026-04-03,,O,,중점관리품목,,2295,11475000
상,김덕일,배승원,기초,DNC,9DNC0071810,디엔코스메틱이지듀이지에프엑스다운타임앰플포스트레이저10ML*실용량,2026-03-11,2026-03-31,2026-04-01,5000,5000,5000,2026-04-03,,O,,중점관리품목,,2295,11475000
상,김덕일,배승원,견본_용기,DNC,9DNC0071910,디엔코스메틱스이지듀이지에프엑스다운타임앰플포스트엘써마10ML,2026-03-11,2026-03-31,2026-04-01,5000,,5000,2026-04-03,,O,,중점관리품목,,200,1000000
중,김덕일,배승원,기초,DNC,9DNC0059910,이지듀디더블유이지에프비타민C부스팅앰플25_15G(리뉴얼/9310771,2026-02-25,2026-04-14,2026-04-14,3000,3000,3000,2026-04-14,,O,2026-03-24,중점관리품목,,4126,12378000
중,김덕일,배승원,견본_용기,DNC,9DNC0060010,이지듀디더블유이지에프비타민C부스팅앰플13G기획(리뉴얼/OY/9311068,2026-02-25,2026-04-14,2026-04-14,3000,3000,3000,2026-04-14,,O,2026-03-24,중점관리품목,,4229,12687000
중,김덕일,배승원,튜브,DNC,9DNC0052010,디엔코스메틱스이지듀멜라글루타치온크림50ML,2026-02-25,2026-04-14,2026-04-14,5000,5000,5000,2026-04-14,,O,2026-03-24,중점관리품목,,2258,11290000
중,김덕일,배승원,튜브,DNC,9DNC0052510,디엔코스메틱스이지듀알엑스포스트레이저센시티브베리어150ML,2026-02-25,2026-04-14,2026-04-14,5000,5000,5000,2026-04-14,,O,2026-03-24,중점관리품목,,7833,39165000
중,김덕일,배승원,견본_용기,DNC,9DNC0054511,DNC이지듀리프트이지에프10코어이펙트크림앰플15ML(25),2026-02-25,2026-04-14,2026-04-14,80000,80000,80000,2026-04-14,,O,2026-03-24,중점관리품목,,3240,259200000
중,김덕일,배승원,기초,DNC,9DNC0056110,DNC이지듀리프트이지에프10코어이펙트앰플30ML(9309213),2026-02-25,2026-04-14,2026-04-14,5000,5000,5000,2026-04-14,,O,2026-03-24,중점관리품목,,3837,19185000
중,김덕일,배승원,견본_파우치,DNC,9DNC0056910,디엔코스메틱스DNC이지듀멜라비토닝유브이선세럼투엑스1ML(샤쉐)*실용량미정,2026-02-25,2026-04-14,2026-04-14,110000,,110000,2026-04-14,,O,2026-03-24,중점관리품목,,130,14300000
중,김덕일,배승원,견본_용기,DNC,9DNC0057010,DNC리프트이지에프10코어이펙트앰플1ML(4EA/25/9310121),2026-02-25,2026-04-14,2026-04-14,5000,,5000,2026-04-14,,O,2026-03-24,중점관리품목,,3257,16285000
중,김덕일,배승원,에어쿠션,DNC,9DNC0055911,디엔코스메틱스이지듀멜라비토닝앰플쿠션23호#베이지(리필/V3#9309904,2026-02-25,2026-04-14,2026-04-14,5000,5000,5000,2026-04-14,,O,2026-03-24,중점관리품목,,2858,14290000
중,김덕일,배승원,에어쿠션,DNC,9DNC0055511,디엔코스메틱스이지듀멜라비토닝앰플쿠션21호#내추럴(본품/V3#9309839,2026-02-25,2026-04-14,2026-04-14,20000,20000,20000,2026-04-14,,O,2026-03-24,중점관리품목,,5176,103520000
중,김선영,심민아,기초,DPL,9DPL0002410,더퓨어랩닥터엘시아345릴리프크림미스트100ML(처방변경)(자급자재),2026-02-20,2026-03-13,2026-04-01,100000,100000,100000,2026-04-10,,O,완료,중점관리품목,,2874,287400000
상,김선영,심민아,기초,DPL,9DPL0002410,더퓨어랩닥터엘시아345릴리프크림미스트100ML(처방변경)(자급자재),2026-03-16,2026-04-24,2026-04-24,100000,100000,100000,2026-04-23,,X,,중점관리품목,,2874,287400000
중,김선영,심민아,튜브,DPL,9DPL0002110,더퓨어랩닥터엘시아피디알엔리쥬5000크림20G (자급자재),2026-03-09,2026-04-13,2026-04-13,50000,50000,50000,2026-04-10,2026-03-30,O,2026-03-27,중점관리품목,,1418,70900000
중,김선영,심민아,튜브,DPL,9DPL0002110,더퓨어랩닥터엘시아피디알엔리쥬5000크림20G (자급자재),2026-03-03,2026-04-08,2026-04-08,100000,100000,100000,2026-04-07,2026-03-25,O,2026-03-27,중점관리품목,,1418,141800000
중,백승윤,지소연,기초,PSP,9PSP0001710,(비건)360퍼스펙티브몽디에스아토로션300ML,2026-02-05,2026-04-07,2026-04-07,80000,80000,80000,2026-04-15,,O,4/1~6,중점관리품목,,4022,321760000
상,김세윤,배지혜,기초,LGC,9LGC1094710,더페이스샵소울시크릿블라썸30ML(24)(NEW)(ODM),2026-03-09,2026-04-27,2026-04-27,6000,6000,6000,2026-04-30,,X,,중점관리품목,,5147,30882000
상,김세윤,배지혜,마스카라,LGC,9LGC1062310,엘지생활건강더페이스샵투인원컬링마스카라#01블랙(ODM),2026-03-09,2026-04-27,2026-04-27,3000,3000,3000,2026-04-30,,X,,중점관리품목,,2445,7335000
상,김세윤,배지혜,붓펜,LGC,9LGC1072610,엘지fmgt잉크그라피리퀴드라이너이엑스#01잉크딥블랙(ODM)[UW],2026-03-09,2026-04-27,2026-04-27,3000,3000,3000,2026-04-30,,X,,중점관리품목,,1872,5616000
상,김세윤,배지혜,파우더성형_소성,LGC,9LGC1086810,엘지글린트베이크드블러쉬#04튤립온(ODM),2026-03-03,2026-04-20,2026-04-20,3000,3000,3000,2026-04-30,,X,,중점관리품목,,2339,7017000
상,김세윤,배지혜,파우더성형_소성,LGC,9LGC1087210,엘지글린트베이크드블러쉬#08코튼멜츠(ODM),2026-03-03,2026-04-20,2026-04-20,3000,3000,3000,2026-04-30,,X,,중점관리품목,,2369,7107000
상,김세윤,배지혜,기초,LGC,9LGC1057210,브이디엘루미레이어프라이머(2018리뉴얼)(OEM),2026-03-03,2026-04-20,2026-04-20,7000,7000,7000,2026-04-30,,X,,중점관리품목,,2683,18781000
하,조경수,심민아,기초,RHN,9RHN0007910,(비건)알에이치앤비프리티액츄얼리인비고레이팅에센스70ML,2026-02-26,2026-03-26,2026-04-01,2000,2000,2000,2026-04-24,,X,,중점관리품목,,3041,6082000
하,조경수,심민아,기초,RHN,9RHN0007210,(비건)알에이치앤비레이티드그린프리티액츄얼리인비고레이팅토너200ML,2026-02-26,2026-03-26,2026-04-01,3000,3000,3000,2026-04-24,,X,,중점관리품목,,2636,7908000
하,조경수,심민아,튜브,RHN,9RHN0007310,(비건)알에이치앤비레이티드그린프리티액츄얼리인비고레이팅젤클렌저150ML,2026-02-26,2026-03-26,2026-04-01,3000,3000,3000,2026-04-24,,X,,중점관리품목,,2358,7074000
하,조경수,심민아,기초,RHN,9RHN0007810,(비건)알에이치앤비프리티액츄얼리인비고레이팅세럼50ML,2026-02-26,2026-03-26,2026-04-01,2000,2000,2000,2026-04-24,,X,,중점관리품목,,2993,5986000
하,조경수,심민아,기초,RHN,9RHN0008210,레이티드그린리얼마리엑스폴리에이팅스칼프샴푸100ML(캡교체)(용매분리),2026-03-17,2026-04-17,2026-04-17,5000,5000,5000,2026-04-24,,X,,중점관리품목,,1633,8165000
하,조경수,심민아,기초,RHN,9RHN0009910,알에이치앤비리얼시어프로틴리차징리브인트리트먼트스프레이80ML,2026-03-17,2026-04-17,2026-04-17,5000,5000,5000,2026-04-24,,X,,중점관리품목,,4219,21095000
하,조경수,심민아,기초,RHN,9RHN0008310,(비건)레이티드그린리얼프룬컬러프로텍팅샴푸100ML(24),2026-03-17,2026-04-17,2026-04-17,5000,5000,5000,2026-04-24,,X,,중점관리품목,,1613,8065000
상,안세연,홍한슬,튜브,FCM,9FCM0024012,포컴퍼니아비브딥클린폼클렌저수분초히알루론폼(주소변경)150ML,2026-03-10,2026-04-24,2026-04-24,23000,23000,23000,2026-04-23,,x,,중점관리품목,수축 필름 사양 일정 지연 증가 관리요청,2008,46184000
상,안세연,홍한슬,튜브,FCM,9FCM0023611,포컴퍼니아비브아크네폼클렌저어성초폼150ML(주소변경),2026-03-10,2026-04-24,2026-04-24,46000,46000,46000,2026-04-23,,x,,중점관리품목,수축 필름 사양 일정 지연 증가 관리요청,2121,97566000
상,안세연,홍한슬,튜브,FCM,9FCM0024013,포컴퍼니아비브딥클린폼클렌저수분초히알루론폼(군납)150ML,2026-03-10,2026-04-24,2026-04-24,10440,10440,10440,2026-04-23,,x,,중점관리품목,수축 필름 사양 일정 지연 증가 관리요청,1985,20723400
상,안세연,사급,기초,SLC,9SLC0065410,서린컴퍼니라운드랩독도토너100ML(미품/코스트코/호주),2026-03-12,2026-04-06,2026-04-06,5140,5140,5140,2026-04-03,2026-03-26,o,,중점관리품목,벌크 재고 사용하여 생산 요청,2284,11739760
상,안세연,홍한슬,에어쿠션,FCM,9FCM0016910,포컴퍼니네이밍레이어드핏쿠션#17@[UW],2026-02-09,2026-03-31,2026-04-01,1500,1500,1500,2026-04-06,,o,3/23~24,중점관리품목,자재 캐파 확보 요청,4145,6217500
상,안세연,홍한슬,에어쿠션,FCM,9FCM0025510,포컴퍼니네이밍레이어드핏쿠션#17Y기획세트[UW],2026-02-09,2026-03-31,2026-04-01,1000,2000,1000,2026-04-06,,o,3/23~24,중점관리품목,자재 캐파 확보 요청,6441,6441000
상,안세연,홍한슬,에어쿠션,FCM,9FCM0038910,포컴퍼니네이밍레이어드핏쿠션#21Y(리필)[UW],2026-02-09,2026-03-27,2026-04-30,3000,3000,3000,2026-04-02,,o,3/23~24,중점관리품목,자재 캐파 확보 요청,2636,7908000
상,안세연,홍한슬,에어쿠션,FCM,9FCM0038911,포컴퍼니네이밍레이어드핏쿠션#21P(리필)[UW],2026-02-09,2026-03-27,2026-04-30,3000,3000,3000,2026-04-02,,o,2026-03-31,중점관리품목,자재 캐파 확보 요청,2636,7908000
상,안세연,홍한슬,에어쿠션,FCM,9FCM0038810,포컴퍼니네이밍레이어드핏쿠션#17Y(리필),2026-02-09,2026-03-31,2026-04-30,1500,1500,1500,2026-04-02,,o,3/23~24,중점관리품목,자재 캐파 확보 요청,2636,3954000
상,안세연,홍한슬,에어쿠션,FCM,9FCM0045010,포컴퍼니네이밍레이어드핏쿠션#19N(리필)[UW],2026-02-09,2026-03-31,2026-04-30,2500,2500,2500,2026-04-02,,o,3/23~24,중점관리품목,자재 캐파 확보 요청,2636,6590000
상,안세연,홍한슬,에어쿠션,FCM,9FCM0081410,포컴퍼니네이밍레이어드핏쿠션(테스터)#19N(OY/포켓몬),2026-02-24,2026-03-27,2026-04-27,1500,1500,1500,2026-04-02,,o,2026-03-23,중점관리품목,행사용 납기 준수 필,4032,6048000
상,안세연,홍한슬,에어쿠션,FCM,9FCM0081310,포컴퍼니네이밍레이어드핏쿠션(테스터)#21P(OY/포켓몬),2026-02-24,2026-03-27,2026-04-27,1500,1500,1500,2026-04-02,,o,2026-03-23,중점관리품목,행사용 납기 준수 필,4032,6048000
상,안세연,홍한슬,에어쿠션,FCM,9FCM0064910,포컴퍼니네이밍제로그래비티커버UP쿠션기획#22N(본품+리필)(UW),2026-03-13,2026-04-24,2026-04-24,1000,2000,1000,2026-04-23,,x,,중점관리품목,자재 캐파 확보 요청,6881,6881000
중,안세연,홍한슬,튜브,FCM,9FCM0023611,포컴퍼니아비브아크네폼클렌저어성초폼150ML(주소변경),2026-02-23,2026-03-30,2026-04-17,10000,10000,10000,2026-04-16,,o,,중점관리품목,,2121,21210000
상,안세연,홍한슬,튜브,FCM,9FCM0023611,포컴퍼니아비브아크네폼클렌저어성초폼150ML(주소변경),2026-02-23,2026-04-17,2026-04-17,36000,36000,36000,2026-04-16,,o,,중점관리품목,수축 필름 사양 일정 지연 증가 관리요청,2121,76356000
상,안세연,홍한슬,튜브,FCM,9FCM0024012,포컴퍼니아비브딥클린폼클렌저수분초히알루론폼(주소변경)150ML,2026-02-23,2026-04-17,2026-04-17,16000,16000,16000,2026-04-16,,x,,중점관리품목,수축 필름 사양 일정 지연 증가 관리요청,2008,32128000
중,백승윤,사급,튜브,ZNC,9ZNC0004210,지놈앤컴퍼니유이크바이옴베리어판텐시브크림50ML(장벽기능/일본),2026-03-05,2026-04-30,2026-04-30,5000,5000,5000,2026-04-30,2026-04-15,X,,중점관리품목,,2400,12000000
상,안세연,사급,튜브,SLC,9SLC0045810,서린컴퍼니라운드랩독도클렌저150ML(부츠)(유럽/영국),2026-02-24,2026-04-10,2026-04-10,7920,7920,7920,2026-04-09,2026-03-20,o,3/31~4/1,중점관리품목,,1130,8949600
상,김현석,지소연,기초,GEN,9GEN0022518,고운세상닥터지레드블레미쉬클리어수딩크림70ML(22)(M)(미품),2025-11-24,2026-04-30,2026-04-23,10200,10200,10200,2026-04-24,,O,,중점관리품목,,2124,21664800
상,박진형,베승원,기초,DPD,9DPD0014716,아누아아젤라익3시카토너250ML(USON/AMZ/V4/AA002101),2026-03-17,2026-04-23,2026-04-23,10000,10000,10000,2026-04-16,,O,,중점관리품목,,2284,22840000
상,안세연,사급,기초,SLC,9SLC0065310,서린컴퍼니라운드랩독도토너200ML(미품/코스트코/호주),2026-03-12,2026-04-06,2026-04-06,10280,10280,10280,2026-04-03,2026-03-26,o,,중점관리품목,벌크 재고 사용하여 생산 요청,2284,23479520
중,이상엽,김현우,스틱밤,ENP,9ENP0079510,엔프라니홀리카홀리카멜팅블러립팟#03뮤브,2024-09-19,2024-11-13,2026-05-01,5150,5150,5150,2026-04-03,,X,,중점관리품목,,3006,15480900